subject,question,choice_A,choice_B,choice_C,choice_D,answer,answer_letter,error_type,correct_answer,potential_reason,source,loss,zlib,mink_0.1,mink_0.2,mink_0.3,mink_0.4,mink_0.5,mink_0.6,mink_0.7,mink_0.8,mink_0.9,mink_1.0,minkpp_0.1,minkpp_0.2,minkpp_0.3,minkpp_0.4,minkpp_0.5,minkpp_0.6,minkpp_0.7,minkpp_0.8,minkpp_0.9,minkpp_1.0
electrical_engineering,"By using which of the following elements, mechanical translational systems are obtained?",mass element,spring element,dash-pot,all of the above,3,D,ok,,,,-3.5206570625305176,-0.0434649020065496,-11.125,-10.6875,-8.8515625,-8.112500190734863,-6.573660850524902,-5.9365234375,-5.388888835906982,-4.4641337394714355,-4.103678226470947,-3.521824359893799,-2.59375,-2.265625,-1.7890625,-1.536718726158142,-1.0813249349594116,-0.9234542846679688,-0.7882961630821228,-0.5703957080841064,-0.4824981689453125,-0.2980564534664154
college_computer_science,A starvation-free job-scheduling policy guarantees that no job waits indefinitely for service. Which of the following job-scheduling policies is starvation-free?,Round-robin,Priority queuing,Shortest job first,Youngest job first,0,A,ok,,,https://cgi.csc.liv.ac.uk/~trp/Teaching_Resources/COMP204/204-Lecture12.pdf,-2.224137306213379,-0.01968263102843698,-11.03125,-7.668749809265137,-6.19921875,-5.357031345367432,-4.400540828704834,-3.6800537109375,-3.298285484313965,-2.849144458770752,-2.5047607421875,-2.226454019546509,-2.1484375,-1.3367187976837158,-0.9202880859375,-0.7347472906112671,-0.5386540293693542,-0.3790626525878906,-0.2971225380897522,-0.1940365731716156,-0.10207366943359375,-0.008411549031734467
philosophy,Philo says the analogy that Cleanthes uses to make his case is _____.,too complicated,weak,strong,not based on a legitimate method of reasoning,1,B,ok,,,https://global.oup.com/us/companion.websites/9780190207038/stu_res/ch2/lev1/mcq/,-3.7126195430755615,-0.05380608033442843,-11.9375,-9.125,-8.1484375,-6.942708492279053,-6.566964149475098,-5.67100715637207,-5.242968559265137,-4.5400390625,-4.2578125,-3.7140462398529053,-2.359375,-1.5325521230697632,-1.3212890625,-1.060546875,-0.9536830186843872,-0.7072482705116272,-0.6050781011581421,-0.4163411557674408,-0.3392427861690521,-0.19036458432674408
electrical_engineering,"The moving coil-meters, damping is provided by",the aluminium frame of the coil.,the coil spring attached to the moving.,eddy current disk.,damping vane in the airtight chamber.,0,A,ok,,,,-5.506134986877441,-0.11012269973754883,-11.4375,-11.4375,-11.1875,-10.854166984558105,-9.4375,-8.315625190734863,-7.53125,-6.848214149475098,-6.173828125,-5.50401496887207,-3.40625,-3.40625,-2.8046875,-2.4817707538604736,-2.16796875,-1.673437476158142,-1.3401693105697632,-1.0959821939468384,-0.906982421875,-0.685546875
high_school_mathematics,The quadratic $2x^2+5x+12=19-7x$ has two solutions. What is the positive difference between these solutions?,2,\sqrt{2},5\sqrt{2},5,2,C,ok,,,,-1.6864705085754395,-0.016373500083256692,-6.072916507720947,-4.78125,-4.114583492279053,-3.66796875,-3.068603515625,-2.7107319831848145,-2.412642002105713,-2.1434764862060547,-1.9233747720718384,-1.6865530014038086,-1.8333333730697632,-1.41015625,-1.1362847089767456,-0.8780619502067566,-0.6245498657226562,-0.48944413661956787,-0.3780462145805359,-0.2863525450229645,-0.201751708984375,-0.08485794067382812
college_medicine,The blood glucose concentration during 80-90 minutes of intermittent high intensity exercise:,frequently rises by 1 - 3 mM.,remains relatively unchanged.,frequently falls by 1 - 3 mM.,falls to hypoglycaemic levels.,0,A,ok,,,https://global.oup.com/uk/orc/biosciences/biochem/gleeson2e/01student/mcqs/ch06/,-3.402491569519043,-0.039563855459523754,-8.9375,-7.15625,-6.418749809265137,-6.140625,-5.5859375,-5.09375,-4.786931991577148,-4.243990421295166,-3.8125,-3.400390625,-1.2265625,-1.1158853769302368,-1.033593773841858,-0.9869791865348816,-0.90625,-0.779296875,-0.6872336864471436,-0.525315523147583,-0.3861328065395355,-0.26441866159439087
elementary_mathematics,The schedule for a music showcase includes 3 sets that are 20 minutes each and 1 set that is 40 minutes. There is a 10-minute break between each set. The total length of the music showcase is 3(20 + 10) + 40 minutes. What is the total length of the music showcase?,73 minutes,110 minutes,130 minutes,210 minutes,2,C,ok,2,,,-1.3403549194335938,-0.008876522645255588,-6.7901787757873535,-4.987723350524902,-3.9527530670166016,-3.136045217514038,-2.619086265563965,-2.2325353622436523,-1.905034065246582,-1.6826677322387695,-1.5051194429397583,-1.3409193754196167,-1.7795759439468384,-1.1809431314468384,-0.8083147406578064,-0.556758463382721,-0.4129909873008728,-0.30581167340278625,-0.20575788617134094,-0.13330920040607452,-0.07000450789928436,0.014481217600405216
formal_logic,"Identify the conclusion of the following argument. Remember to remove any conclusion indicators. It is wrong for society to kill a murderer. This follows for the reason that if a murderer is wrong in killing his victim, then society is also wrong in killing the murderer. And a murderer is wrong in killing his victim.",It is wrong for society to kill a murderer.,"This follows for the reason that if a murderer is wrong in killing his victim, then society is also wrong in killing the murderer.","If a murderer is wrong in killing his victim, then society is also wrong in killing the murderer.",And a murderer is wrong in killing his victim.,0,A,ok,,,Expert,-1.978327989578247,-0.01184627538669609,-7.130208492279053,-6.088541507720947,-5.173611164093018,-4.3984375,-3.756119728088379,-3.2373046875,-2.832961320877075,-2.5031635761260986,-2.2314860820770264,-1.9776946306228638,-2.1731770038604736,-1.4461263418197632,-1.0099555253982544,-0.72637939453125,-0.5435383915901184,-0.4098442792892456,-0.2969796359539032,-0.197113037109375,-0.10952872037887573,-0.013519787229597569
high_school_microeconomics,Which of the following is a characteristic of monopolistic competition?,Economically efficient in the long run.,Pricing at minimum ATC in long run.,Excess capacity.,Very few competitors.,2,C,ok,,,https://www.crackap.com/ap/microeconomics/question-163-answer-and-explanation.html,-1.5690929889678955,-0.023074896896586698,-9.0625,-5.9140625,-4.4921875,-3.7734375,-3.293750047683716,-2.791015625,-2.429408550262451,-2.1512451171875,-1.9156358242034912,-1.5694552659988403,-1.015625,-0.45654296875,-0.2692057192325592,-0.164794921875,-0.05449218675494194,0.02718099020421505,0.0924944207072258,0.1414794921875,0.2268880158662796,0.42995384335517883
professional_law,"A defendant was prosecuted for murder. At trial, the prosecutor called a police detective to testify. The detective, who questioned the defendant at the station house after his arrest, testified that the defendant initially declared his innocence. The detective further testified that when given the opportunity to take a lie detector test, the defendant refused. The defendant's attorney did not object to the detective's testimony. The defendant was convicted and sentenced to prison. The defendant, who is now represented by a new attorney, appeals, claiming that it was error to admit the detective's testimony. The appellate court should find","plain error, because the trial court should have acted on its own motion to order reference to the lie detector test stricken.","plain error, because admission of the detective's testimony violated the defendant's privilege against self-incrimination.","harmless error, because the defendant's trial attorney failed to preserve the argument by timely objection.","harmless error, because the defendant's statements were admissions.",0,A,ok,,,,-1.5647703409194946,-0.00501528955422915,-6.295454502105713,-4.58220100402832,-3.818704128265381,-3.2379415035247803,-2.834566831588745,-2.4793365001678467,-2.196533203125,-1.9398671388626099,-1.7449322938919067,-1.565388560295105,-2.0490057468414307,-1.1628550291061401,-0.7515384554862976,-0.4944285452365875,-0.3360670804977417,-0.20807237923145294,-0.11515579372644424,-0.02948329783976078,0.043560732156038284,0.13256146013736725
college_physics,The rest mass of a particle with total energy 5.0 GeV and momentum 4.9 GeV/c is approximately,0.1 GeV/c^2,0.2 GeV/c^2,0.5 GeV/c^2,1.0 GeV/c^2,3,D,ok,,,2017 GRE Physics Exam (GR1777 #36),-1.6696048974990845,-0.018551165527767605,-7.859375,-5.199999809265137,-4.328125,-3.61328125,-3.201171875,-2.677213430404663,-2.4075138568878174,-2.0763182640075684,-1.8973277807235718,-1.6702710390090942,-3.55078125,-1.793359398841858,-1.3473771810531616,-0.924877941608429,-0.7359822392463684,-0.5313639044761658,-0.42668601870536804,-0.29627686738967896,-0.22095836699008942,-0.11616210639476776
medical_genetics,"Nature is more important for ______ differences, while nurture has greater influence on ______ differences.",structural and anatomical; psychological and social,psychological and social; structural and anatomical,structural and psychological; anatomical and social,social and anatomical; psychological and structural,0,A,ok,,,https://study.sagepub.com/marks6e/student-resources/chapter-3/multiple-choice-question,-3.349756956100464,-0.040850694586591026,-13.0625,-8.489583015441895,-7.6328125,-6.265625,-5.5625,-5.32118034362793,-4.699573993682861,-4.401041507720947,-3.8111050128936768,-3.35107421875,-3.71875,-2.4244792461395264,-2.0400390625,-1.6471353769302368,-1.24755859375,-1.0757378339767456,-0.818359375,-0.71484375,-0.5290178656578064,-0.366943359375
college_mathematics,What is the greatest possible area of a triangular region with one vertex at the center of a circle of radius 1 and the other two vertices on the circle?,1/2,1,sqrt(2),pi,0,A,ok,,,Expert,-0.6303933262825012,-0.005628511841808047,-4.390625,-2.9713542461395264,-2.063368082046509,-1.592041015625,-1.2909505367279053,-1.0813326835632324,-0.9287036657333374,-0.8135884404182434,-0.7234779596328735,-0.6301259398460388,-0.640625,-0.33648681640625,-0.2100558876991272,-0.141204833984375,-0.09421386569738388,-0.0595770925283432,-0.0229782834649086,0.01627095602452755,0.0558403879404068,0.11327730864286423
marketing,"This is the process in which offerings move through a sequential, pre-determined pattern of development similar to the biological path that lifeforms follow:",Diffusion process.,Product lifecycle.,Adoption process.,Service development.,1,B,ok,,,"Fundamentals of Marketing, second edition",-3.9244372844696045,-0.032167518725160694,-11.65625,-9.449999809265137,-8.10546875,-7.346875190734863,-6.570913314819336,-5.908203125,-5.496527671813965,-4.913318634033203,-4.41455078125,-3.9260332584381104,-3.359375,-2.671875,-2.109375,-1.803320288658142,-1.4575570821762085,-1.1735382080078125,-1.0151503086090088,-0.816650390625,-0.6448262333869934,-0.49273908138275146
high_school_world_history,"This question refers to the following information.
""When the gods fashioned Gilgamesh*, to him they gave a perfect form. The glorious sun Shamash bestowed upon him glory; Adad the terrible god of storms bestowed upon him courage. The great gods perfected his magnificence beyond all others, terrible like the great wild bull. Two thirds god they made him; one third man they made him.
Of Uruk, its great rampart he built, and the wall of the sacred Eanna temple, the holy sanctuary. Behold the outer walls which gleam with the brilliance of copper; see the inner wall which none might rival. Touch the threshold stone—it is from ancient days. Goest thou into the Eanna temple, yea, the dwelling place of Ishtar, the like of which no subsequent king or living man might equal. Ascend and walk about on the wall of Uruk, inspect the corner-stone, and examine its brick-work, whether its wall is not made of burned brick, and its foundation laid by the Seven Sages. One third for city, one third for garden, one third for field, and a precinct for the temple of Ishtar. These parts and the precinct comprise Uruk.""
The Epic of Gilgamesh, ca. 2100 B.C.E.
*Gilgamesh was a king of Uruk.
Which of the following statements about ancient cities is most supported by the discussion of Uruk in the second paragraph?",Ancient cities lacked effective fortifications against attack.,Ancient cities featured areas for worshipping their patron deities.,Ancient cities commonly decorated their temples in modest ways.,Ancient cities featured areas for training their armies.,1,B,ok,,,AP World History Practice Question 112,-2.7209956645965576,-0.003960692379325411,-9.726041793823242,-7.914583206176758,-6.583680629730225,-5.611979007720947,-4.8667216300964355,-4.287120342254639,-3.8093342781066895,-3.392148494720459,-3.031007766723633,-2.720801830291748,-3.0026042461395264,-2.1212239265441895,-1.5141384601593018,-1.1256686449050903,-0.8664253950119019,-0.6777459979057312,-0.528492271900177,-0.40078026056289673,-0.2876432538032532,-0.17219240963459015
prehistory,During which time frame is there evidence for anatomically modern Homo sapiens?,"800,000 to 10,000 years ago","800,000 years ago to present","400,000 years ago to present","200,000 to present",3,D,ok,,,https://global.oup.com/us/companion.websites/9780190275853/resources/ch5/quiz/,-2.6461870670318604,-0.034366065805608574,-8.5,-6.796875,-5.8046875,-5.278124809265137,-4.5089287757873535,-4.1884765625,-3.9192707538604736,-3.36328125,-3.0874431133270264,-2.648036479949951,-1.9140625,-1.68359375,-1.375,-1.2625000476837158,-1.0669642686843872,-0.92901611328125,-0.8203396201133728,-0.6407359838485718,-0.5672404170036316,-0.4241245687007904
clinical_knowledge,Lactate and hydrogen ions leave the muscle:,via a cotransport mechanism with carnosine.,via an active transport mechanism.,via a protein transporter molecule.,by simple diffusion.,2,C,ok,,same question source as college_medicine,https://global.oup.com/uk/orc/biosciences/biochem/gleeson2e/01student/mcqs/ch06/?view=Standard,-3.465853691101074,-0.06795791551178577,-7.25,-7.25,-6.59375,-6.375,-5.859375,-5.371874809265137,-4.830729007720947,-4.2723212242126465,-3.84619140625,-3.463975667953491,-1.90625,-1.90625,-1.84765625,-1.1858724355697632,-0.853271484375,-0.613476574420929,-0.4519856870174408,-0.3109653890132904,-0.1968994140625,-0.0999348983168602
conceptual_physics,When the color yellow is seen on your TV screen the phosphors being activated on the screen are,mainly yellow.,blue and red.,green and yellow.,red and green.,3,D,ok,,,https://www.bartleby.com/solution-answer/chapter-28-problem-27a-conceptual-physics-the-high-school-physics-program-9th-edition/9780133647495/on-a-tv-screen-what-dots-are-activated-to-produce-yellow-magenta-white/67fe671d-305f-42a9-8709-21cc9fa0e20b,-3.3084354400634766,-0.04187892962105667,-8.375,-7.09375,-6.462500095367432,-5.982142925262451,-5.46875,-5.206250190734863,-4.766927242279053,-4.1689453125,-3.6884765625,-3.3058269023895264,-3.296875,-2.0807292461395264,-1.4773437976837158,-1.1089564561843872,-0.8564995527267456,-0.748583972454071,-0.5705159306526184,-0.4258161187171936,-0.313262939453125,-0.2179090678691864
human_aging,Continued stress is damaging to health and longevity because it leads to,Over exercising which causes physical damage,Suppression of the immune system,"Less eating and, in many cases, severe eating disorders",Risky behaviors such as speeding and not using a seat belt,1,B,ok,,,https://s3-eu-west-1.amazonaws.com/s3-euw1-ap-pe-ws4-cws-documents.ri-prod/9780205544011/Chapter%205%20Multiple%20Choice.doc,-3.481220245361328,-0.05045246732407722,-9.3125,-7.59375,-6.895833492279053,-6.296875,-5.453125,-5.15625,-4.833984375,-4.49131965637207,-4.111328125,-3.4801228046417236,-1.7109375,-1.55078125,-1.2278646230697632,-1.03271484375,-0.7688801884651184,-0.6703404188156128,-0.5694580078125,-0.4866536557674408,-0.41923826932907104,-0.2406412810087204
college_mathematics,(1+i)^10 =,1,i,32,32i,3,D,ok,,,Expert,-3.33819317817688,-0.1854551765653822,-12.25,-12.25,-12.25,-7.4375,-5.575520992279053,-5.575520992279053,-4.609375,-4.609375,-3.867968797683716,-3.3411457538604736,-12.0,-12.0,-12.0,-6.06689453125,-3.9176433086395264,-3.9176433086395264,-2.763427734375,-2.763427734375,-2.0576171875,-1.5812174081802368
high_school_macroeconomics,Which of the following will have an effect on GDP?,You lose $50 betting with a friend.,You fix your brother's car without buying any new parts.,Your father's firm makes computers and exports them to China.,You buy 1000 shares of stock in a corporation.,2,C,ok,2,,https://www.crackap.com/ap/macroeconomics/question-116.html,-2.5606417655944824,-0.04414899595852556,-8.75,-7.609375,-6.229166507720947,-5.44921875,-4.682812690734863,-4.165364742279053,-3.6484375,-3.19903564453125,-2.8470051288604736,-2.563854932785034,-2.078125,-1.46484375,-1.2109375,-0.8800048828125,-0.674511730670929,-0.5248209834098816,-0.3817661702632904,-0.24468994140625,-0.0673285573720932,0.07924804836511612
college_medicine,Women's world record performances have improved rapidly in recent years mainly because:,women have evolved a greater muscle mass.,women can now run faster than men.,women have started training at an earlier age.,more women are now engaged in sport.,3,D,ok,,,https://global.oup.com/uk/orc/biosciences/biochem/gleeson2e/01student/mcqs/ch01/,-3.535966157913208,-0.0441995769739151,-10.0,-8.78125,-8.03125,-6.375,-5.875,-5.5089287757873535,-4.6171875,-4.289843559265137,-4.006392002105713,-3.534555196762085,-4.71875,-3.00390625,-2.2005207538604736,-1.482812523841858,-1.27392578125,-1.0847517251968384,-0.76708984375,-0.652294933795929,-0.55712890625,-0.3736102879047394
moral_scenarios,"For which of these two scenarios does the main character (who uses I/me/my) do something clearly morally wrong, according to ordinary moral standards in the US as of 2020? Scenario 1 | She wanted to decorate the apartment in a Halloween theme, so I poured plastic spiders throughout the apartment so that we would have spider decorations. Scenario 2 | I took a photo of my cousin washing in the bath.","Wrong, Wrong","Wrong, Not wrong","Not wrong, Wrong","Not wrong, Not wrong",2,C,ok,,,,-2.8581042289733887,-0.011386869438140991,-8.18359375,-6.977941036224365,-6.237500190734863,-5.586856842041016,-5.050223350524902,-4.462928771972656,-4.000596046447754,-3.5415613651275635,-3.193333625793457,-2.857891082763672,-2.845703125,-1.9967831373214722,-1.5798437595367432,-1.2180893421173096,-0.9764350056648254,-0.7673773765563965,-0.6184705495834351,-0.47563642263412476,-0.36188727617263794,-0.23409369587898254
nutrition,"What is the prevalence of alcoholic myopathy in alcoholics
",30 to 50%,40 to 60%,20 to 40%,10 to 30%,1,B,ok,,,https://global.oup.com/uk/orc/health/geissler13e/student/mcqs/ch10/,-3.600878953933716,-0.06103184667684264,-9.5,-9.46875,-9.208333015441895,-8.6328125,-7.449999809265137,-6.356770992279053,-5.5714287757873535,-4.9189453125,-4.395073890686035,-3.603604316711426,-5.53125,-3.4765625,-2.71875,-2.3046875,-1.845159888267517,-1.5102895498275757,-1.2628653049468994,-1.0566673278808594,-0.8797980546951294,-0.5916387438774109
international_law,How are the members of the arbitral tribunal appointed?,All the members of the arbitral tribunal are appointed by the parties,All the members of the arbitral tribunal are appointed by the parties,"All the members of the arbitral tribunal are appointed by an impartial third party, such as the president of the ICJ",All the members of the arbitral tribunal are appointed by the parties from a restricted list of arbitrators,0,A,ok,,,,-2.720777988433838,-0.04690996531782479,-11.25,-8.53125,-6.96875,-6.171875,-5.1953125,-4.493489742279053,-3.8770925998687744,-3.40277099609375,-3.0272624492645264,-2.726086378097534,-1.671875,-1.640625,-1.42578125,-1.0401611328125,-0.804394543170929,-0.6254069209098816,-0.4788644015789032,-0.34039306640625,-0.2162000834941864,-0.07661132514476776
international_law,Which of the following articles are not qualified rights?,Article 3,Article 8,Article 9,Article 11,0,A,ok,,,,-4.198605537414551,-0.0677194441518476,-10.25,-10.25,-10.0,-9.645833015441895,-8.1796875,-7.09375,-6.180989742279053,-5.3895087242126465,-4.71966552734375,-4.196980953216553,-4.4375,-4.4375,-3.2890625,-2.6744792461395264,-1.9776611328125,-1.552636742591858,-1.248291015625,-1.0116490125656128,-0.79290771484375,-0.5494248867034912
conceptual_physics,Boiling and freezing occur when water is subjected to,decreased temperatures,decreased atmospheric pressure,increased temperatures,increased atmospheric pressure,1,B,ok,,,https://brainly.com/question/32273369,-2.9121623039245605,-0.050209694895251046,-4.0625,-4.0625,-4.046875,-3.8958332538604736,-3.75390625,-3.6656250953674316,-3.5677082538604736,-3.4598214626312256,-3.271484375,-2.90885066986084,-0.70703125,-0.70703125,-0.5869140625,-0.529296875,-0.44775390625,-0.35661619901657104,-0.2861124575138092,-0.2053396999835968,-0.1230316162109375,-0.0086669921875
clinical_knowledge,What commonly causes skin excoriation?,A well-fitting pouch.,Changing the pouch every day.,Leakage of effluent onto peristomal skin.,The use of unscented soap to cleanse the skin.,2,C,ok,,,https://global.oup.com/uk/orc/nursing/endacott/01student/quizzes/ch10/06stoma/?view=Standard,-4.537496566772461,-0.09864122971244481,-13.0625,-13.0625,-10.21875,-10.21875,-9.114583015441895,-7.33203125,-7.33203125,-6.214062690734863,-5.287760257720947,-4.534580707550049,-3.265625,-3.265625,-2.31640625,-2.31640625,-1.7513021230697632,-1.281494140625,-1.281494140625,-0.984375,-0.7529296875,-0.5711495280265808
high_school_us_history,"This question refers to the following information.
It is natural, it is a privilege, I will go farther, it is a right, which all free men claim, that they are entitled to complain when they are hurt. They have a right publicly to remonstrate against the abuses of power in the strongest terms, to put their neighbors upon their guard against the craft or open violence of men in authority, and to assert with courage the sense they have of the blessings of liberty, the value they put upon it, and their resolution at all hazards to preserve it as one of the greatest blessings heaven can bestow.… But to conclude: The question before the Court and you, Gentlemen of the jury, is not of small or private concern. It is not the cause of one poor printer, nor of New York alone, which you are now trying. No! It may in its consequence affect every free man that lives under a British government on the main of America. It is the best cause. It is the cause of liberty. And I make no doubt but your upright conduct this day will not only entitle you to the love and esteem of your fellow citizens, but every man who prefers freedom to a life of slavery will bless and honor you as men who have baffled the attempt of tyranny, and by an impartial and uncorrupt verdict have laid a noble foundation for securing to ourselves, our posterity, and our neighbors, that to which nature and the laws of our country have given us a right to liberty of both exposing and opposing arbitrary power (in these parts of the world at least) by speaking and writing truth.
—Andrew Hamilton, concluding argument, libel trial of newspaper editor
John Peter Zenger, August 4, 1735
Which of the following best describes the significance of the Zenger Trial?",An important incident in opposing British taxation policy,An early attack on the institution of slavery,A landmark case concerning voting rights,A landmark case concerning freedom of expression,3,D,ok,,,https://www.crackap.com/ap/us-history/question-288.html,-2.1835343837738037,-0.0023811716289790664,-7.739020347595215,-6.252955913543701,-5.279138565063477,-4.561497211456299,-3.953922986984253,-3.467611312866211,-3.0573618412017822,-2.7169973850250244,-2.42978835105896,-2.183363437652588,-2.7958192825317383,-1.9040857553482056,-1.3577100038528442,-1.0041371583938599,-0.7599021196365356,-0.5817334651947021,-0.44021934270858765,-0.32376497983932495,-0.22337551414966583,-0.11993342638015747
college_physics,The speed of light inside of a nonmagnetic dielectric material with a dielectric constant of 4.0 is,1.2 x 10^9 m/s,3.0 x 10^8 m/s,1.5 x 10^8 m/s,1.0 x 10^8 m/s,2,C,ok,,Redundant with #20,2017 GRE Physics Exam (GR1777 #15),-1.8933113813400269,-0.022539421206428892,-7.671875,-6.9921875,-5.497395992279053,-4.21961784362793,-3.643110752105713,-3.1953125,-2.6846923828125,-2.410698890686035,-2.17840576171875,-1.894604206085205,-2.83203125,-2.0263671875,-1.435791015625,-0.9427490234375,-0.7490123510360718,-0.5965951681137085,-0.41759490966796875,-0.3237779438495636,-0.23612670600414276,-0.11497431248426437
virology,David Baltimore is a molecular biologist. What did he discover?,The structure of DNA,X-ray crystallographic techniques,The enzyme reverse transcriptase,The anti HIV drug zidovudine,2,C,ok,,,,-2.6852383613586426,-0.03948879943174474,-9.0625,-6.9375,-6.197916507720947,-5.53125,-4.928124904632568,-4.497395992279053,-4.0223212242126465,-3.62158203125,-3.258246421813965,-2.686567783355713,-1.8984375,-1.4609375,-1.265625,-1.02392578125,-0.7828124761581421,-0.6083984375,-0.4704241156578064,-0.357421875,-0.2547743022441864,-0.09055397659540176
anatomy,A successful infraorbital nerve block will produce anaesthesia of the,maxillary anterior teeth.,maxillary anterior teeth and their labial gingivae.,"maxillary anterior teeth, their labial gingivae and the upper lip.","maxillary anterior teeth, their labial gingivae, the upper lip and anterior hard palate.",2,C,ok,,,https://global.oup.com/uk/orc/dentistry/atkinson/student/mcqs/ch25/,-3.4811713695526123,-0.051957781635113616,-13.75,-11.59375,-9.739583015441895,-8.5,-6.6796875,-5.8074774742126465,-5.1474609375,-4.626736164093018,-4.170117378234863,-3.4763946533203125,-2.84375,-2.1875,-1.7369791269302368,-1.470703125,-1.060546875,-0.9000418782234192,-0.7760009765625,-0.6642795205116272,-0.5478515625,-0.35888671875
professional_accounting,"While performing an audit of the financial statements of a company for the year ended December 31, year 1, the auditor notes that the company’s sales increased substantially in December, year 1, with a corresponding decrease in January, year 2. In assessing the risk of fraudulent financial reporting or misappropriation of assets, what should be the auditor’s initial indication about the potential for fraud in sales revenue?",There is a broad indication of misappropriation of assets.,There is an indication of theft of the entity’s assets.,There is an indication of embezzling receipts.,There is a broad indication of financial reporting fraud.,3,D,ok,,,https://www.brainscape.com/flashcards/1819-7454645/packs/12130364,-1.629198431968689,-0.006439519493947387,-5.68359375,-4.7431640625,-4.081380367279053,-3.490767002105713,-3.0281059741973877,-2.6451690196990967,-2.2995688915252686,-2.044589042663574,-1.8270626068115234,-1.6293224096298218,-2.0927734375,-1.358642578125,-0.9257761836051941,-0.6514670848846436,-0.48769471049308777,-0.3462088406085968,-0.2190425544977188,-0.12655916810035706,-0.04414821416139603,0.06036597490310669
professional_medicine,"A 45-year-old limousine driver comes to the office for an initial appointment because he would like you to fill out and sign a legal document at the request of his attorney. The patient states that he is filing a lawsuit against the limousine company that employs him because he developed post-traumatic stress disorder following a motor vehicle collision. He appears irritable and tense as he provides his history. He relays his symptoms by reading them aloud from a written list. At this time, which of the following is the most appropriate approach toward confirming the underlying diagnosis of this patient?",Administer amobarbital and then interview the patient,Ask the patient to provide a narrative with detailed description of the incident and of his symptoms,Interview the patient under hypnosis,Interview the patient while paying close attention to his willingness to make eye contact,1,B,ok,,,https://www.usmle.org/sites/default/files/2021-08/Step_3_Sample_Items.pdf,-2.2503857612609863,-0.006357021924466063,-7.65625,-6.4035325050354,-5.470089435577393,-4.754415988922119,-4.102235794067383,-3.584430694580078,-3.1838347911834717,-2.814117193222046,-2.5067336559295654,-2.250296115875244,-2.887784004211426,-2.03804349899292,-1.5184988975524902,-1.1447381973266602,-0.880122721195221,-0.6778355240821838,-0.5270694494247437,-0.39322128891944885,-0.2772623598575592,-0.1584806591272354
clinical_knowledge,The rate of blood lactate accumulation is determined by:,the rate of muscle lactate production and the rate of muscle lactate efflux.,the rate of anaerobic glycolysis.,the rate of muscle glucose uptake.,the difference between the rate of lactate appearance and the rate of lactate clearance.,3,D,ok,,same question source as college_medicine,https://global.oup.com/uk/orc/biosciences/biochem/gleeson2e/01student/mcqs/ch04/?view=Standard,-3.201345920562744,-0.05163461162197974,-7.15625,-7.09375,-6.895833492279053,-6.1015625,-5.509375095367432,-4.950520992279053,-4.515625,-3.997802734375,-3.557861328125,-3.2028534412384033,-2.703125,-1.7421875,-1.4205728769302368,-1.0838623046875,-0.8531249761581421,-0.68505859375,-0.5597098469734192,-0.434326171875,-0.3296440839767456,-0.24082031846046448
machine_learning,"Statement 1| Industrial-scale neural networks are normally trained on CPUs, not GPUs. Statement 2| The ResNet-50 model has over 1 billion parameters.","True, True","False, False","True, False","False, True",1,B,ok,,,Expert,-2.8363146781921387,-0.022333186442457784,-11.541666984558105,-10.15625,-7.618750095367432,-6.352163314819336,-5.220128536224365,-4.606640815734863,-4.101222991943359,-3.5424623489379883,-3.20361328125,-2.8319621086120605,-2.6614582538604736,-1.890625,-1.3400390148162842,-1.032564640045166,-0.7247529625892639,-0.5596923828125,-0.42469853162765503,-0.27323856949806213,-0.17742513120174408,-0.041661880910396576
high_school_world_history,"This question refers to the following information.
""Upon this a question arises: whether it be better to be loved than feared or feared than loved? It may be answered that one should wish to be both, but, because it is difficult to unite them in one person, it is much safer to be feared than loved, when, of the two, either must be dispensed with. Because this is to be asserted in general of men, that they are ungrateful, fickle, false, cowardly, covetous, and as long as you succeed they are yours entirely; they will offer you their blood, property, life, and children, as is said above, when the need is far distant; but when it approaches they turn against you. And that prince who, relying entirely on their promises, has neglected other precautions, is ruined; because friendships that are obtained by payments, and not by greatness or nobility of mind, may indeed be earned, but they are not secured, and in time of need cannot be relied upon; and men have less scruple in offending one who is beloved than one who is feared, for love is preserved by the link of obligation which, owing to the baseness of men, is broken at every opportunity for their advantage; but fear preserves you by a dread of punishment which never fails.""
Nicolo Machiavelli, The Prince, ca. 1513 C.E.
Which of the following best characterizes the author's attitude in the passage?",Cynicism about the loyalty of a ruler's subjects,Optimism about the fair-mindedness of political leaders,Criticism of the religious establishment,Ambivalence about the future of his economic prospects,0,A,ok,,,AP World History Practice Question 51,-0.674004316329956,-0.0009195147562482347,-4.137499809265137,-2.8087217807769775,-2.05708646774292,-1.6233270168304443,-1.3279845714569092,-1.1168557405471802,-0.9644227623939514,-0.843945324420929,-0.7493799328804016,-0.6737096309661865,-1.0959941148757935,-0.5269564986228943,-0.33106595277786255,-0.22491005063056946,-0.14893893897533417,-0.08481001108884811,-0.0274786539375782,0.02711430750787258,0.07979661226272583,0.14455808699131012
college_physics,A satellite of mass m orbits a planet of mass M in a circular orbit of radius R. The time required for one revolution is,independent of M,proportional to m^(1/2),linear in R,proportional to R^(3/2),3,D,ok,,,2001 GRE Physics Exam (GR0177 #3),-1.4304965734481812,-0.014596903810695725,-6.15625,-4.9375,-4.125,-3.1968750953674316,-2.7783203125,-2.3042969703674316,-2.062385082244873,-1.7769286632537842,-1.6218594312667847,-1.4309228658676147,-2.90625,-1.962890625,-1.3926130533218384,-0.919360339641571,-0.7205607295036316,-0.5156412720680237,-0.4133875370025635,-0.28516846895217896,-0.21219149231910706,-0.09954101592302322
anatomy,Which of the following bones has a process that joins with the zygomatic bone to form the zygomatic arch?,The maxillary bone,The temporal bone,The sphenoid bone,The frontal bone,1,B,ok,,,https://global.oup.com/uk/orc/dentistry/atkinson/student/mcqs/ch22/,-1.5794986486434937,-0.01903010420052402,-7.84375,-6.2890625,-5.123697757720947,-3.753038167953491,-3.2130682468414307,-2.758638858795166,-2.26129150390625,-2.016343832015991,-1.817022681236267,-1.5803581476211548,-1.51953125,-0.926483154296875,-0.6014404296875,-0.3528917133808136,-0.24815784394741058,-0.16640999913215637,-0.0669708251953125,-0.011027018539607525,0.05062256008386612,0.17479407787322998
anatomy,"In men, specimens for gonococcal cultures are most commonly obtained from which of the following structures?",Anus,Bladder,Urethra,Testicle,2,C,ok,,,https://www.aama-ntl.org/cma-aama-exam/study/anatomy-physiology-practice-test,-2.6430418491363525,-0.028117466480173964,-11.5,-8.515625,-6.794270992279053,-5.669921875,-4.873437404632568,-4.236979007720947,-3.7583706378936768,-3.298431396484375,-2.9361979961395264,-2.642578125,-2.90625,-2.154296875,-1.6022135019302368,-1.193450927734375,-0.9333251714706421,-0.7424519658088684,-0.5966273546218872,-0.4740753173828125,-0.3673638105392456,-0.27320557832717896
high_school_microeconomics,Which of the following is not a characteristic of oligopoly?,P = MC.,Price-maker.,Strong barriers to entry.,Few firms.,0,A,ok,,,https://www.crackap.com/ap/microeconomics/question-162.html,-1.6809817552566528,-0.0262653399258852,-8.5625,-5.5859375,-4.526041507720947,-3.798828125,-3.3140625953674316,-2.9322917461395264,-2.580078125,-2.29296875,-2.052842855453491,-1.6838046312332153,-0.96875,-0.48895263671875,-0.2908121645450592,-0.180999755859375,-0.08034668117761612,0.01507568359375,0.0910470113158226,0.1709747314453125,0.2531059980392456,0.44643333554267883
marketing,_______________ are used in the positioning process to illustrate differing attributes of a selection of brands.,Product features.,SIC code.,Perceptual maps.,Organizational characteristics.,2,C,ok,,,https://www.chegg.com/homework-help/questions-and-answers/used-positioning-process-illustrate-differing-attributesof-selection-brands-perceptual-map-q185857468,-3.753018856048584,-0.04467879590534028,-10.5625,-9.833333015441895,-8.350000381469727,-7.739583492279053,-6.5625,-5.663281440734863,-5.308238506317139,-4.731971263885498,-4.198176860809326,-3.7544806003570557,-3.625,-2.5625,-1.9695312976837158,-1.7701822519302368,-1.2908935546875,-0.934863269329071,-0.8005149364471436,-0.5691856741905212,-0.3919921815395355,-0.2057100236415863
sociology,Mass-society theory suggests that:,the content of the media is determined by market forces,the subordinate classes are dominated by the ideology of the ruling class,"the media manipulate 'the masses' as vulnerable, passive consumers",audiences make selective interpretations of media messages,2,C,ok,,,https://global.oup.com/uk/orc/sociology/fulcher4e/01student/mcqs/ch10,-3.4894235134124756,-0.08723558783531189,-8.1875,-8.1875,-8.1875,-7.703125,-6.052083492279053,-6.052083492279053,-5.14453125,-5.14453125,-4.166406154632568,-3.4857585430145264,-3.375,-3.375,-3.375,-1.966796875,-1.2233072519302368,-1.2233072519302368,-0.81298828125,-0.81298828125,-0.564453125,-0.3746744692325592
college_biology,Adequate serum levels of calcium are maintained in humans by the secretion of,thyroxine,glucagon,growth hormone,parathyroid hormone,3,D,ok,,,https://www.yourhormones.info/hormones/parathyroid-hormone,-2.7574830055236816,-0.03726328385842813,-8.5625,-8.46875,-6.0859375,-5.5,-4.517857074737549,-4.1904296875,-3.90625,-3.4254262447357178,-3.2047526836395264,-2.757114887237549,-0.67578125,-0.5732421875,-0.33349609375,-0.22499999403953552,-0.0871930792927742,-0.0352783203125,0.00922309048473835,0.10697798430919647,0.1651204377412796,0.2637416422367096
moral_disputes,"According to Singer, the principle of equality requires",identical treatment.,differential treatment.,equal consideration.,differential consideration.,1,B,ok,,,,-3.1726438999176025,-0.05287739833196004,-12.1875,-12.1875,-7.90625,-6.229166507720947,-5.34375,-5.34375,-4.75,-4.197916507720947,-3.6283481121063232,-3.1748046875,-2.21875,-2.21875,-1.0888671875,-0.70751953125,-0.4827880859375,-0.4827880859375,-0.3456054627895355,-0.2264811247587204,-0.0641043558716774,0.09527587890625
high_school_government_and_politics,The exclusionary rule was established to,"create ""separate but equal"" facilities to facilitate racial segregation",allow private organizations to restrict their memberships,limit the government's ability to use illegally obtained evidence,deny control of interstate commerce to the states,2,C,ok,,,https://www.crackap.com/ap/us-government-and-politics/question-60-answer-and-explanation.html,-3.2023611068725586,-0.0667158563931783,-11.0625,-11.0625,-11.0625,-7.046875,-5.333333492279053,-5.333333492279053,-4.474609375,-4.474609375,-3.8218750953674316,-3.2010090351104736,-1.265625,-1.265625,-1.265625,-0.701171875,-0.41796875,-0.41796875,-0.24072265625,-0.24072265625,-0.13203124701976776,0.0065104165114462376
sociology,Queer Theory makes the claim that:,heterosexuality is the normal and most desirable way to be,"the sexual categories and discourses we use are based upon true, underlying biological differences",deviant forms of masculinity are seen as more threatening to the gender order than deviant forms of femininity,"all sexualities are pluralistic, fragmented and frequently reconstructed",3,D,ok,,,https://global.oup.com/uk/orc/sociology/fulcher4e/01student/mcqs/ch05,-3.446104049682617,-0.08615260124206543,-8.375,-8.375,-6.34375,-6.34375,-5.395833492279053,-4.875,-4.875,-4.390625,-4.0078125,-3.4418246746063232,-1.40625,-1.40625,-0.8271484375,-0.8271484375,-0.4850260317325592,-0.21044921875,-0.21044921875,-0.017578125,0.1533203125,0.3490513265132904
security_studies,"What problems has the post-Cold War security literature revealed on women, war, development, and security?","Technological advancements have to some extent rendered the battlefield gender-neutral. 'Virtual' warfare has resolved the historical tension between the citizen and the state security apparatus; if actual combat could be avoided then male and female soldiers could wage war on equal terms. However, technological advancement remains unequal and so the gender situation is different in different contexts, depending on development and security issues.",The technological capacity to wage war with minimal civilian costs has abolished the threat of physical and biological gender victimization. The contemporary gender divide is structured on 'soft' issues associated with socio-economic hardship.,"Conflict in warfare and the gender divide between men and women is centred on the historical contract between the individual and the state. The 'right to fight' debate has equal meaning and saliency across the globe, and is universally applicable in all situations.","Nuclear armaments and the threat of mass destruction have rendered the battlefield gender neutral in terms of its destructive capabilities. Whilst historically conventional warfare was conducted on the battlefield in which women were particularly vulnerable to violence, and post-conflict sexual violence, these threats no longer exist.",0,A,ok,,,https://learninglink.oup.com/access/content/collins6e-student-resources/collins6e-chapter-11-self-test-questions,-4.136130332946777,-0.04545198168073382,-9.875,-8.9921875,-8.458333015441895,-7.80078125,-7.096875190734863,-6.432291507720947,-5.785714149475098,-5.1273193359375,-4.587131023406982,-4.137444972991943,-4.7265625,-3.76171875,-3.0442707538604736,-2.4970703125,-2.087597608566284,-1.72216796875,-1.4423130750656128,-1.21600341796875,-1.0287001132965088,-0.843017578125
high_school_computer_science,A sorted list of numbers contains 500 elements. Which of the following is closest to the maximum number of list elements that will be examined when performing a binary search for a value in the list?,10,50,250,500,0,A,ok,,,,-1.6309620141983032,-0.011567106483675909,-6.8515625,-4.904296875,-4.001302242279053,-3.38720703125,-2.94140625,-2.5869140625,-2.2865512371063232,-2.03411865234375,-1.8123338222503662,-1.6314895153045654,-1.9765625,-1.21343994140625,-0.820953369140625,-0.6021499633789062,-0.445587158203125,-0.3163909912109375,-0.1982291042804718,-0.10448074340820312,-0.0222337506711483,0.0606536865234375
management,What is the guiding principle behind New Public Management?,Profit maximisation,Introducing private sector business principles into the public sector,Replacing public management with private sector management,Restructuring public organisations,1,B,ok,,,https://global.oup.com/uk/orc/busecon/business/combe/student/mcqs/ch01/,-3.4368441104888916,-0.052874524776752176,-11.25,-11.25,-9.1875,-7.833333492279053,-6.8125,-5.862500190734863,-5.028645992279053,-4.3643975257873535,-3.8443603515625,-3.435546875,-2.1875,-2.1875,-2.15625,-1.6848958730697632,-1.2911376953125,-1.0525391101837158,-0.8152669072151184,-0.6429966688156128,-0.4893798828125,-0.3525390625
miscellaneous,Which of the following protocols is used to transport HTML pages from Web servers to Web browsers?,BOOTP,HTTP,SNMP,SMTP,1,B,ok,,,,-1.7859994173049927,-0.020067409183202167,-8.0625,-5.802083492279053,-4.706250190734863,-4.19140625,-3.435546875,-2.9195313453674316,-2.700284004211426,-2.312349796295166,-2.0206379890441895,-1.785637378692627,-2.0,-1.1832681894302368,-0.702880859375,-0.5681559443473816,-0.371185302734375,-0.22761230170726776,-0.17282937467098236,-0.066162109375,0.05229492112994194,0.1773466169834137
world_religions," What is the term used to describe the ""pure"" as an order of loyal Sikhs bound together?",Khalsa,Rahit,Panj Kakke,Shabad,0,A,ok,,,https://learninglink.oup.com/access/content/amore4e-student-resources/amore4e-chapter-8-self-quiz,-4.223334312438965,-0.05150407698096299,-12.6875,-10.421875,-9.3125,-8.53125,-7.650000095367432,-6.686849117279053,-5.8816962242126465,-5.231201171875,-4.688259601593018,-4.225022792816162,-2.984375,-2.400390625,-2.0065104961395264,-1.676513671875,-1.3441650867462158,-1.1077677011489868,-0.9131034016609192,-0.7430572509765625,-0.5880126953125,-0.4422973692417145
college_chemistry,"The T2 of an NMR line is 15 ms. Ignoring other sources of linebroadening, calculate its linewidth.",0.0471 Hz,21.2 Hz,42.4 Hz,66.7 Hz,1,B,ok,,,Nuclear Magnetic Resonance,-2.6662814617156982,-0.028669693136727938,-8.53125,-6.887499809265137,-5.80859375,-5.370312690734863,-4.73317289352417,-4.18701171875,-3.8728299140930176,-3.4075520038604736,-2.9967854022979736,-2.6643857955932617,-3.125,-2.180468797683716,-1.482635498046875,-1.1909911632537842,-0.8965407013893127,-0.6863861083984375,-0.5593397617340088,-0.406796395778656,-0.277984619140625,-0.14799442887306213
astronomy,The famous Drake equation attempts to answer the following question:,Will the Sun become a black hole?,Is the universe infinitely large?,How old is the visible universe?,Are we alone in the universe?,3,D,ok,3,,Expert,-3.150346279144287,-0.04565719245136648,-10.1875,-10.03125,-7.927083492279053,-6.82421875,-5.953125,-5.082682132720947,-4.4347100257873535,-3.918701171875,-3.497938394546509,-3.1489226818084717,-1.2265625,-1.103515625,-1.0403646230697632,-0.79437255859375,-0.620166003704071,-0.4980875551700592,-0.3811732828617096,-0.271026611328125,-0.1840549111366272,-0.0972900390625
econometrics,"An ARMA(p,q) (p, q are integers bigger than zero) model will have",An acf and pacf that both decline geometrically,An acf that declines geometrically and a pacf that is zero after p lags,An acf that declines geometrically and a pacf that is zero after q lags,An acf that is zero after p lags and a pacf that is zero after q lags,0,A,ok,,,Introductory Econometrics for Finance - Chapter 5 (cambridge.org),-3.051623821258545,-0.04359462601797921,-9.625,-9.125,-7.806250095367432,-6.252232074737549,-5.287326335906982,-4.94140625,-4.365885257720947,-3.8976004123687744,-3.4254150390625,-3.047795534133911,-5.3125,-4.020833492279053,-2.895312547683716,-2.1788504123687744,-1.7431640625,-1.559472680091858,-1.26123046875,-1.0385044813156128,-0.8453369140625,-0.6804470419883728
security_studies,Which of these statements is commonly regarded as a tangible benefit of the securitization process?,Securitizing injects urgency into an issue and leads to a sustained mobilization of political support and deployment of resources.,Securitization encourages more efficient handling of complex problems.,Securitization mobilizes popular support for policies in specific areas by calling them security relevant and encourages the allocation of more resources.,All of these options.,3,D,ok,,,https://www.academia.edu/25358029/Contemporary_Security_Studies,-2.9767541885375977,-0.035437549863542826,-11.875,-10.416666984558105,-7.893750190734863,-7.065104007720947,-5.8505859375,-4.885156154632568,-4.505326747894287,-3.870342493057251,-3.369368553161621,-2.9761388301849365,-4.46875,-3.5260417461395264,-2.4507813453674316,-2.0243327617645264,-1.46734619140625,-1.096533179283142,-0.9538795948028564,-0.7237454652786255,-0.5282877683639526,-0.3135627210140228
econometrics,"Consider the estimation of a GARCH-M model. If the data employed were a time-series of daily corporate bond percentage returns, which of the following would you expect the value of the GARCH-in-mean parameter estimate to be?",Less than -1,Between -1 and 0,Between 0 and 1,Bigger than 1,2,C,ok,,,"Introductory Econometrics for Finance - Chapter 8,9 (cambridge.org)",-2.4139609336853027,-0.014719273985885992,-8.546875,-7.03515625,-5.743990421295166,-5.134191036224365,-4.385298252105713,-3.861177921295166,-3.430208444595337,-3.000446319580078,-2.716609001159668,-2.4118521213531494,-2.734375,-2.0947265625,-1.5345553159713745,-1.145134449005127,-0.8260608911514282,-0.6333946585655212,-0.4783691465854645,-0.32666015625,-0.2257487028837204,-0.10847611725330353
high_school_geography,"The language with the largest number of ""speakers"" is",English.,Russian.,Spanish.,Mandarin Chinese.,3,D,ok,,,www.crackap.com - AP Human Geography Question 106,-3.0818636417388916,-0.05313558002998089,-8.8125,-8.4375,-7.625,-7.2109375,-6.324999809265137,-5.41796875,-4.7449774742126465,-4.22412109375,-3.768609046936035,-3.0862233638763428,-1.59375,-1.228515625,-1.0182291269302368,-0.742431640625,-0.5667968988418579,-0.4300130307674408,-0.3200334906578064,-0.208740234375,-0.1143663227558136,0.061612214893102646
human_aging,The positive relationship between religion and physical health is NOT thought to be due to,Social support derived from a religious community,The rules of some religions which forbid unhealthy behaviors,The stress reducing effects of prayerful meditation,The benefits of knowing that others are praying for you,3,D,ok,,,https://s3-eu-west-1.amazonaws.com/s3-euw1-ap-pe-ws4-cws-documents.ri-prod/9780205544011/Chapter%2010%20Multiple%20Choice.doc,-3.341230630874634,-0.04074671501066626,-9.1875,-8.71875,-7.84375,-7.481249809265137,-6.3761162757873535,-5.7392578125,-5.151692867279053,-4.244939804077148,-3.89501953125,-3.3413522243499756,-1.8515625,-1.46484375,-0.99462890625,-0.850781261920929,-0.6174665093421936,-0.5216064453125,-0.4409722089767456,-0.29385653138160706,-0.2198893278837204,-0.0816127210855484
computer_security,Message authentication is a service beyond,Message Condentiality,Message Integrity,Message Splashing,Message Sending,1,B,ok,,,https://compsciedu.com/mcq-question/40926/message-authentication-is-a-service-beyond,-5.077949523925781,-0.10155899047851563,-9.0625,-9.0625,-9.0625,-7.625,-7.625,-6.84375,-6.84375,-6.12109375,-6.12109375,-5.078906059265137,-3.03125,-3.03125,-3.03125,-2.19921875,-2.19921875,-1.7838541269302368,-1.7838541269302368,-1.3167724609375,-1.3167724609375,-0.8995116949081421
high_school_computer_science,What is the role of the compiler in the process of developing executable software?,Managing specification files created as part of the development process,Running and testing the executable created by the programmer,Tracking older versions of the software in case an error is found and the software needs to be reverted to an earlier form,"Translating a program written in an abstract, high-level language into a program with the same behavior expressed in machine code",3,D,ok,,,,-2.3178505897521973,-0.030904674530029298,-11.125,-8.0625,-6.13671875,-5.381249904632568,-4.197544574737549,-3.78076171875,-3.456163167953491,-2.926669120788574,-2.6997883319854736,-2.3168423175811768,-1.328125,-1.12890625,-0.6597900390625,-0.48974609375,-0.2588588297367096,-0.17816162109375,-0.1071506068110466,0.04620916023850441,0.1087646484375,0.2391531765460968
business_ethics,"Healthy eating, particularly relating to sugar and salt consumption, food and packaging waste and supply chain CO2 emissions are all business ethics issues facing the ________.",Supermarket industry,Chemicals industry,Construction industry,Information and mobile technology industry,0,A,ok,,,https://learninglink.oup.com/access/content/cranebe5e-student-resources/cranebe5e-chapter-1-multiple-choice-questions?previousFilter=tag_chapter-01,-3.8936870098114014,-0.029497628862207585,-10.21875,-9.550000190734863,-8.67578125,-7.6022725105285645,-6.763392925262451,-6.027573585510254,-5.394140720367432,-4.83695650100708,-4.33203125,-3.8913238048553467,-2.96875,-2.596874952316284,-2.146484375,-1.742720127105713,-1.3742239475250244,-1.097304344177246,-0.8805602788925171,-0.7057521939277649,-0.5519033670425415,-0.40510085225105286
management,What is the term for a sub-optimal but acceptable outcome of negotiations between parties?,Bargaining,Satisficing,Accepting,Compromising,1,B,ok,,,https://global.oup.com/uk/orc/busecon/business/combe/student/mcqs/ch07/,-3.0338664054870605,-0.03792333006858826,-6.9375,-6.375,-6.078125,-5.536458492279053,-5.0546875,-4.75,-4.189630508422852,-3.912109375,-3.452846050262451,-3.0349655151367188,-1.7890625,-1.3072916269302368,-1.21875,-0.831787109375,-0.60400390625,-0.52490234375,-0.3995472192764282,-0.3340250551700592,-0.2065080851316452,-0.090362548828125
high_school_european_history,"This question refers to the following information.
The excerpts below are from the Navigation Acts of 1651.
[A]fter the first day of December, one thousand six hundred fifty and one, and from thence forwards, no goods or commodities whatsoever of the growth, production or manufacture of Asia, Africa or America, or of any part thereof; or of any islands belonging to them, or which are described or laid down in the usual maps or cards of those places, as well of the English plantations as others, shall be imported or brought into this Commonwealth of England, or into Ireland, or any other lands, islands, plantations, or territories to this Commonwealth belonging, or in their possession, in any other ship or ships, vessel or vessels whatsoever, but only in such as do truly and without fraud belong only to the people of this Commonwealth, or the plantations thereof, as the proprietors or right owners thereof; and whereof the master and mariners are also of the people of this Commonwealth, under the penalty of the forfeiture and loss of all the goods that shall be imported contrary to this act, , , ,
[N]o goods or commodities of the growth, production, or manufacture of Europe, or of any part thereof, shall after the first day of December, one thousand six hundred fifty and one, be imported or brought into this Commonwealth of England, or any other lands or territories to this Commonwealth belonging, or in their possession, in any ship or ships, vessel or vessels whatsoever, but in such as do truly and without fraud belong only to the people of this Commonwealth, and in no other, except only such foreign ships and vessels as do truly and properly belong to the people of that country or place, of which the said goods are the growth, production or manufacture.
Which of the following was the desired outcome of the above legislation by the Rump Parliament of England in 1651?",To prevent England's colonies from being bombarded with cheap goods manufactured by their mainland European competitors,To reclaim domination of the slave trade from Portugal in order to meet the growing need for slaves for sugar plantations in the English Caribbean colonies,To end Dutch domination of maritime trade by limiting their ability to move goods between England and her colonies as well as goods to and from England from other countries,To extricate the French from the Atlantic sea trade as well as the cod and whaling industries which at this time were dominated by the French,2,C,ok,,,,-1.386916160583496,-0.0019289515446223868,-6.027644157409668,-4.449919700622559,-3.6141159534454346,-3.0160231590270996,-2.583127498626709,-2.239187240600586,-1.9558486938476562,-1.7296181917190552,-1.5435456037521362,-1.3872312307357788,-2.1103765964508057,-1.279249906539917,-0.8344236016273499,-0.5850861072540283,-0.4211382269859314,-0.2969503104686737,-0.19578169286251068,-0.11081846058368683,-0.035234056413173676,0.04561236500740051
high_school_geography,Transnational corporations distribute their operations,manufacturing goods where production costs are the highest.,conducting accounting and research services where economical.,based on comparative advantage.,with headquarters located in LDCs.,2,C,ok,,,www.crackap.com - AP Human Geography Question 225,-5.096184253692627,-0.09615441988099296,-11.1875,-11.1875,-11.1875,-8.15625,-8.15625,-7.09375,-7.09375,-6.0078125,-6.0078125,-5.09375,-3.96875,-3.96875,-3.96875,-2.220703125,-2.220703125,-1.5846353769302368,-1.5846353769302368,-0.9208984375,-0.9208984375,-0.48515623807907104
high_school_physics,A bi-convex lens has a radius of curvature of magnitude 20 cm. Which of the following best describes the image formed of an object of height 2 cm placed 30 cm from the lens?,"Real, inverted, height = 1 cm","Virtual, upright, height = 0.25 cm","Real, upright, height = 1 cm","Virtual, inverted, height = 0.25 cm",0,A,no_correct_answer,"Real, inverted, height = 4 cm",parsing error,https://www.toppr.com/ask/question/a-biconvex-lens-has-a-radius-of-curvature-of-magnitude/,-1.2241251468658447,-0.009273675355044279,-5.625,-4.646484375,-3.6497395038604736,-2.810431957244873,-2.358910083770752,-2.0339062213897705,-1.7317708730697632,-1.542494773864746,-1.384132742881775,-1.2237300872802734,-2.091796875,-1.202880859375,-0.78436279296875,-0.5160414576530457,-0.3661760687828064,-0.252197265625,-0.1385498046875,-0.06664320826530457,-0.0031931023113429546,0.07375885546207428
machine_learning,The K-means algorithm:,Requires the dimension of the feature space to be no bigger than the number of samples,Has the smallest value of the objective function when K = 1,Minimizes the within class variance for a given number of clusters,Converges to the global optimum if and only if the initial means are chosen as some of the samples themselves,2,C,ok,,,https://people.eecs.berkeley.edu/~jrs/189/exam/finalf15.pdf,-4.406052112579346,-0.14686840375264484,-8.375,-8.375,-8.375,-7.703125,-7.703125,-7.010416507720947,-7.010416507720947,-5.51171875,-5.51171875,-4.409375190734863,-2.375,-2.375,-2.375,-1.224365234375,-1.224365234375,-0.8065592646598816,-0.8065592646598816,-0.56439208984375,-0.56439208984375,-0.31635743379592896
college_mathematics,"Let T: R^2 -> R^2 be the linear transformation that maps the point (1, 2) to (2, 3) and the point (-1, 2) to (2, -3). Then T maps the point (2, 1) to","(1, 6)","(-1, 4)","(3, 2)","(-4, 3)",0,A,ok,,,Expert,-0.9393280744552612,-0.008861585608068502,-4.431250095367432,-3.0568182468414307,-2.4765625,-2.08050274848938,-1.7728986740112305,-1.5589096546173096,-1.350549340248108,-1.1814548969268799,-1.0469207763671875,-0.9391553401947021,-1.5234375,-0.7506658434867859,-0.45519301295280457,-0.30269190669059753,-0.19766971468925476,-0.12471277266740799,-0.05327148362994194,0.015964673832058907,0.07722355425357819,0.13900862634181976
high_school_biology,The theory of evolution is most accurately described as,an educated guess about how species originate.,"one possible explanation, among several scientific alternatives, about how species have come into existence.",an opinion that some scientists hold about how living things change over time.,"an overarching explanation, supported by much evidence, for how populations change over time.",3,D,ok,,,https://www.chegg.com/homework-help/questions-and-answers/theory-evolution-accurately-described-explanation-many-facts-supported-much-evidence-popul-q136471496,-2.9712047576904297,-0.05035940267271915,-7.84375,-7.84375,-6.9375,-5.84375,-5.23828125,-5.23828125,-4.596875190734863,-3.8893229961395264,-3.376674175262451,-2.971923828125,-0.953125,-0.953125,-0.6328125,-0.4087727963924408,-0.22650146484375,-0.22650146484375,-0.08041992038488388,0.01761881448328495,0.0976911261677742,0.247589111328125
computer_security,What are the types of scanning?,"Port, network, and services","Network, vulnerability, and port ","Passive, active, and interactive","Server, client, and network",1,B,ok,,,https://www.copamcq.com/cyber-security,-3.824371337890625,-0.10336138751055743,-10.1875,-10.1875,-10.1875,-8.4375,-7.020833492279053,-7.020833492279053,-5.69921875,-5.69921875,-4.580175876617432,-3.81939697265625,-1.1171875,-1.1171875,-1.1171875,-1.041015625,-0.75390625,-0.75390625,-0.5400390625,-0.5400390625,-0.37578123807907104,-0.2369791716337204
machine_learning,"As of 2020, which architecture is best for classifying high-resolution images?",convolutional networks,graph networks,fully connected networks,RBF networks,0,A,ok,,,Expert,-2.421785593032837,-0.0314517609484784,-9.9375,-7.927083492279053,-6.400000095367432,-5.1551337242126465,-4.388888835906982,-4.040234565734863,-3.501953125,-3.0984933376312256,-2.724365234375,-2.4246554374694824,-1.453125,-1.0716146230697632,-0.8382812738418579,-0.56396484375,-0.3975151777267456,-0.334716796875,-0.2144775390625,-0.1100376695394516,-0.002777099609375,0.0967068150639534
elementary_mathematics,"John’s friend told him that he could earn $49 for handing out flyers at a local concert. John wants to calculate the hourly rate, If he works a total of 3.5 hours, the equation 3.5x = 49 can be used to determine his hourly rate. What would John’s hourly rate be, in dollars?",$1.40 ,$14.00 ,$45.50 ,$171.50 ,1,B,ok,1,,,-1.7804940938949585,-0.009177804607705972,-6.638392925262451,-5.2020087242126465,-4.39657735824585,-3.7840402126312256,-3.283482074737549,-2.8729538917541504,-2.5378665924072266,-2.2469656467437744,-2.0035574436187744,-1.7794395685195923,-2.3448660373687744,-1.4874441623687744,-1.0322962999343872,-0.7415946125984192,-0.5486885905265808,-0.398832768201828,-0.2743343412876129,-0.1711251437664032,-0.0754123255610466,0.027385013177990913
business_ethics,"Traditionally consumer rights were based on the notion of _______ or _______ where the responsibility lay with consumer to avoid subpar products. However, this has gradually eroded due to increased ________ at a ________, EU and UN level.","Caveat emptor, Company Responsibility, Informal codes, International","Caveat emptor, Buyer beware, Regulation, National","Cemptor Eaveat, Buyer beware, Regulation, National","Cemptor Eaveat, Company Responsibility, Informal Codes, International",1,B,ok,,,https://learninglink.oup.com/access/content/cranebe5e-student-resources/cranebe5e-chapter-8-multiple-choice-questions?previousFilter=tag_chapter-08,-3.2197678089141846,-0.02025011200574959,-9.65625,-7.465277671813965,-6.586538314819336,-5.82899284362793,-5.311141490936279,-4.94444465637207,-4.417236328125,-4.024197101593018,-3.5972275733947754,-3.2192795276641846,-2.9296875,-2.1041667461395264,-1.704026460647583,-1.2820366621017456,-0.986965000629425,-0.8030960559844971,-0.60931396484375,-0.4795464277267456,-0.34427401423454285,-0.21208390593528748
high_school_chemistry,"Hypochlorous acid is an unstable compound, and one of the decomposition products is chlorine gas, Cl2. The decomposition of the acid lowers its concentration over time. What effect will the decomposition of one-fourth of the acid have on the agreement between the endpoint of the titration and the equivalence point during a titration with standard sodium hydroxide?",The endpoint would still remain near the ideal equivalence point.,The endpoint would be after the ideal equivalence point.,The endpoint would be before the ideal equivalence point.,It is impossible to determine.,2,C,ok,,,www.crackap.com - AP Chemistry Question 474,-2.0034496784210205,-0.009361914385144955,-9.294642448425293,-6.573660850524902,-5.222470283508301,-4.3515625,-3.6692707538604736,-3.221202850341797,-2.836562395095825,-2.5174925327301025,-2.2530746459960938,-2.0032713413238525,-3.802455425262451,-2.335658550262451,-1.6109691858291626,-1.1894062757492065,-0.877187967300415,-0.6818372011184692,-0.529036283493042,-0.4036228060722351,-0.29355859756469727,-0.16138584911823273
college_mathematics,The map x -> axa^2 of a group G into itself is a homomorphism if and only if,G is abelian,G = {e},a^3 = e,a^2 = a,2,C,ok,,,Expert,-2.545846700668335,-0.032639060264978655,-9.53125,-8.859375,-7.075520992279053,-5.974609375,-4.798295497894287,-4.172776222229004,-3.6773438453674316,-3.2804458141326904,-2.9425048828125,-2.541961669921875,-2.8359375,-2.013671875,-1.4801431894302368,-1.0965576171875,-0.7703302502632141,-0.6158353090286255,-0.466796875,-0.34225642681121826,-0.23982319235801697,-0.10378196090459824
moral_scenarios,"For which of these two scenarios does the main character (who uses I/me/my) do something clearly morally wrong, according to ordinary moral standards in the US as of 2020? Scenario 1 | I removed the limbs from my dead partner, one by one. Scenario 2 | I found a nest with newborn rabbits and nurtured them to health.","Wrong, Wrong","Wrong, Not wrong","Not wrong, Wrong","Not wrong, Not wrong",1,B,ok,,,,-2.8231139183044434,-0.013254055954480955,-8.866071701049805,-7.3816962242126465,-6.49404764175415,-5.679418087005615,-5.06727409362793,-4.515261650085449,-3.958486557006836,-3.5341460704803467,-3.1680850982666016,-2.821640968322754,-2.6104910373687744,-1.9001115560531616,-1.5096726417541504,-1.1610654592514038,-0.9311222434043884,-0.7618070840835571,-0.60154128074646,-0.47718364000320435,-0.3635950982570648,-0.23893529176712036
logical_fallacies,"So, how long have you been beating your wife?",Attacking the Person (ad hominem),False Dilemma,Prejudicial Language,Appeal to Force,2,C,bad_question_clarity,loaded question,"Itâs not a question. Original contained âSelect the fallacy-type which best describes the reasoning contained in each of the passages below.â

Furthermore, âprejudicial languageâ as a fallacy seems to mean something else",,-2.744406223297119,-0.056008290271369776,-10.0625,-7.34375,-6.208333492279053,-5.3984375,-4.704687595367432,-4.153645992279053,-3.7388393878936768,-3.35888671875,-3.03125,-2.74462890625,-2.390625,-1.83203125,-1.5703125,-1.10888671875,-0.810546875,-0.5784505009651184,-0.4115513265132904,-0.286376953125,-0.1651475727558136,-0.05683593824505806
anatomy,Which statement concerning the atrioventricular bundle is correct?,It is formed of autonomic nerve processes and is the only electrical connection between the atria and the ventricles.,It is formed of Purkinje fibres and is the only electrical connection between the atria and the ventricles,It is formed of autonomic nerve processes and forms one of several electrical connections between the atria and ventricles.,It is formed of Purkinje fibres and forms one of several electrical connections between the atria and ventricles.,1,B,ok,,,https://global.oup.com/uk/orc/dentistry/atkinson/student/mcqs/ch12/,-2.5975489616394043,-0.039356802449081886,-10.625,-7.96875,-7.041666507720947,-6.359375,-5.292187690734863,-4.557291507720947,-4.027901649475098,-3.555419921875,-3.169542074203491,-2.5939691066741943,-2.0625,-2.0546875,-1.8723958730697632,-1.4002685546875,-1.1017577648162842,-0.87744140625,-0.7127510905265808,-0.5743408203125,-0.4569227397441864,-0.22824929654598236
abstract_algebra,Statement 1 | The external direct product of cyclic groups is cyclic. Statement 2 | The external direct product of D_3 and D_4 is isomorphic to D_12.,"True, True","False, False","True, False","False, True",1,B,ok,,,"1: https://en.m.wikipedia.org/wiki/Cyclic_group#:~:text=If%20n%20and%20m%20are,of%20the%20Chinese%20remainder%20theorem.
2: https://math.stackexchange.com/questions/463203/prove-that-d-3-oplus-d-4-is-not-isomorphic-to-d-12-oplus-mathbb-z-2 (not direct proof, but suggests it's false)",-1.3516110181808472,-0.013122437069716962,-7.927083492279053,-4.9129462242126465,-3.6988637447357178,-3.0234375,-2.5413239002227783,-2.2517755031585693,-1.9448617696762085,-1.7019368410110474,-1.5088177919387817,-1.3516219854354858,-1.8460286855697632,-0.7788652777671814,-0.4318986237049103,-0.24778035283088684,-0.1257147490978241,-0.05681401863694191,0.022088857367634773,0.09544575959444046,0.16555875539779663,0.24044238030910492
college_computer_science,"Which of the following pairs of 8-bit, two's-complement numbers will result in overflow when the members of the pairs are added?","11111111, 00000001","00000001, 10000000","11111111, 10000001","10000001, 10101010",3,D,ok,,,Expert,-2.0819602012634277,-0.019828192392985024,-7.625,-6.418749809265137,-5.5546875,-4.821093559265137,-3.995192289352417,-3.411376953125,-3.0735676288604736,-2.671689033508301,-2.340937376022339,-2.0814096927642822,-4.765625,-3.362499952316284,-2.444091796875,-1.9710571765899658,-1.498018741607666,-1.1762466430664062,-1.0021498203277588,-0.7843947410583496,-0.6083831787109375,-0.4231635332107544
management,What is a strategic alliance?,Any form of partnership between one firm and another,Formal agreement committing two or more firms to exchange resources to produce products or services,Formal agreement to share profits from a shared investment,Formal agreement to share knowledge,1,B,ok,,,https://global.oup.com/uk/orc/busecon/business/combe/student/mcqs/ch11/,-3.1881115436553955,-0.08616517685555122,-8.875,-8.875,-8.875,-5.7578125,-5.7578125,-4.447916507720947,-4.447916507720947,-3.76171875,-3.76171875,-3.1812500953674316,-0.59765625,-0.59765625,-0.59765625,-0.50390625,-0.50390625,-0.390625,-0.390625,-0.107421875,-0.107421875,0.12343750149011612
sociology,The market model of state welfare is based on the principle of:,"individuals buying welfare privately, with some means-tested benefits",regular benefit payments to men as earners of the 'family wage',"a universalist system of welfare for all, regardless of income",decommodifying social welfare through state provision,0,A,ok,,,https://global.oup.com/uk/orc/sociology/fulcher4e/01student/mcqs/ch15,-3.385211229324341,-0.052080172758836016,-8.625,-8.40625,-7.802083492279053,-7.3671875,-5.64453125,-5.0926337242126465,-4.671875,-4.34288215637207,-4.015625,-3.3829548358917236,-1.1015625,-0.927734375,-0.8020833134651184,-0.7373046875,-0.5154622197151184,-0.3927176296710968,-0.2708740234375,-0.1587456613779068,-0.06201171875,0.1241048201918602
world_religions, Which Roman statesman encouraged civic religion in his work The Laws?,Varro,Plato,Cicero,Augustus,2,C,ok,,,https://learninglink.oup.com/access/content/amore4e-student-resources/amore4e-chapter-3-self-quiz,-4.395188331604004,-0.061044282383388944,-9.5625,-9.4375,-8.875,-8.078125,-7.015625,-6.486607074737549,-6.048828125,-5.609375,-5.228125095367432,-4.394449710845947,-1.625,-1.58203125,-1.3489583730697632,-1.220703125,-0.8512369990348816,-0.7130301594734192,-0.59814453125,-0.4989149272441864,-0.41132813692092896,-0.2732747495174408
college_physics,"If the absolute temperature of a blackbody is increased by a factor of 3, the energy radiated per second per unit area does which of the following?",Decreases by a factor of 81.,Decreases by a factor of 9.,Increases by a factor of 9.,Increases by a factor of 81.,3,D,ok,,,2001 GRE Physics Exam (GR0177 #35),-1.2909623384475708,-0.011128985676272162,-6.40625,-4.541666507720947,-3.5564236640930176,-2.96875,-2.507552146911621,-2.1506075859069824,-1.8800687789916992,-1.66265869140625,-1.4816035032272339,-1.2911800146102905,-2.5755207538604736,-1.3156026601791382,-0.8585137128829956,-0.6168263554573059,-0.46019285917282104,-0.3348829448223114,-0.23272705078125,-0.15122731029987335,-0.08103886246681213,0.014095183461904526
moral_scenarios,"For which of these two scenarios does the main character (who uses I/me/my) do something clearly morally wrong, according to ordinary moral standards in the US as of 2020? Scenario 1 | Last night during dinner at my favorite restaurant, I bent a knee and proposed to my long time girlfriend. Scenario 2 | I moved to the United States to get welfare.","Wrong, Wrong","Wrong, Not wrong","Not wrong, Wrong","Not wrong, Not wrong",2,C,bad_question_clarity,,,,-2.7593934535980225,-0.011742099802544776,-8.857142448425293,-7.254166603088379,-6.186141490936279,-5.513020992279053,-4.872532844543457,-4.33406925201416,-3.909419298171997,-3.455878496170044,-3.0771484375,-2.758650779724121,-3.232142925262451,-2.129687547683716,-1.59077787399292,-1.2542887926101685,-0.9800900816917419,-0.7791114449501038,-0.6354154348373413,-0.491919606924057,-0.3675733804702759,-0.2466932088136673
high_school_biology,"This process has as its products NADP+, ADP, and sugar.",Glycolysis,Chemiosmosis,Fermentation,Calvin cycle,3,D,ok,,,https://en.wikipedia.org/wiki/Calvin_cycle,-3.1837923526763916,-0.0578871336850253,-7.78125,-7.104166507720947,-6.859375,-6.026041507720947,-5.660714149475098,-4.901909828186035,-4.542187690734863,-3.9189453125,-3.652193546295166,-3.1845052242279053,-1.5078125,-1.3177083730697632,-1.26171875,-0.953125,-0.81005859375,-0.6098090410232544,-0.5150390863418579,-0.3445638120174408,-0.26787859201431274,-0.12929686903953552
us_foreign_policy,How many states in the international system are likely to have nuclear weapons right now?,Fewer than 7,Between 8 and 15,Between 16 and 25,More than 25,1,B,bad_question_clarity,,The question is very time-sensitive,http://dmgibler.people.ua.edu/uploads/1/3/8/5/13858910/exam1.pdf,-2.9056596755981445,-0.03678050222276132,-9.8125,-8.03125,-7.4609375,-5.994791507720947,-5.46875,-4.63194465637207,-4.272656440734863,-3.6121418476104736,-3.346454381942749,-2.9068684577941895,-3.1875,-2.0546875,-1.62109375,-1.0791015625,-0.8941127061843872,-0.6101345419883728,-0.501660168170929,-0.3213704526424408,-0.23084434866905212,-0.0797526016831398
professional_accounting,Which of the following is an essential element of the audit trail in an electronic data interchange (EDI) system?,An integrated test facility that verifies the accuracy of data.,A heuristic program that accesses remote locations.,Hardware security modules that store sensitive data.,Computer activity logs that indicate failed transactions.,3,D,ok,,,"https://brainly.com/question/44530993#:~:text=Explanation%3A,logs%20that%20indicate%20failed%20transactions.",-1.706770420074463,-0.017416024694637378,-5.734375,-4.76953125,-3.9244792461395264,-3.4248046875,-3.039843797683716,-2.7623698711395264,-2.5106027126312256,-2.23370361328125,-1.9880845546722412,-1.705181360244751,-0.8359375,-0.38616943359375,-0.2222086638212204,-0.132354736328125,-0.04904785007238388,0.02829996682703495,0.0965227410197258,0.1547698974609375,0.2159152626991272,0.3305315375328064
philosophy,Augustine claims that Academic skepticism:,"is true, and can be proven.","is true, but cannot be proven",is false but cannot be refuted.,is false and can be refuted.,3,D,ok,,,https://global.oup.com/us/companion.websites/9780190209803/stud/p1/augustine/mcq/,-5.951047897338867,-0.11902095794677735,-15.9375,-15.9375,-15.9375,-13.21875,-11.041666984558105,-11.041666984558105,-8.63671875,-8.63671875,-7.129687309265137,-5.947794437408447,-4.84375,-4.84375,-4.84375,-4.0703125,-3.1510417461395264,-3.1510417461395264,-2.317626953125,-2.317626953125,-1.774023413658142,-1.38916015625
human_sexuality,Romulo is on a crowded bus and he sees a woman near the door. Feeling a little saucy Romulo proceeds to rub up against the woman and is immediately aroused. Romulo's inappropriate behavior would be characterized as:,Frotteurism,Exhibitionism,Voyeurism,Sadomasochism,0,A,ok,,,http://www.psy.vanderbilt.edu/courses/psy252/exam2key.html,-3.1456258296966553,-0.020559645945729774,-9.515625,-8.20486068725586,-7.379807472229004,-6.309895992279053,-5.6796875,-4.962673664093018,-4.441280364990234,-3.906629800796509,-3.5359129905700684,-3.14589786529541,-2.86328125,-1.953125,-1.528545618057251,-1.1294759511947632,-0.8968172669410706,-0.6709888577461243,-0.5302891731262207,-0.3763427734375,-0.26947021484375,-0.13197699189186096
formal_logic,"Which of the following propositions is an immediate (one-step) consequence in PL of the given premises?
E ⊃ ~F
~F ⊃ G
~G",E ⊃ F,F ⊃ G,G ⊃ E,~~F,3,D,ok,,,Expert,-2.3575422763824463,-0.020149933986174755,-8.697916984558105,-6.947916507720947,-5.984375,-5.143028736114502,-4.282169342041016,-3.780078172683716,-3.3714334964752197,-2.9419848918914795,-2.6693685054779053,-2.356914758682251,-3.171875,-2.26171875,-1.511132836341858,-1.1612454652786255,-0.8332663178443909,-0.630541980266571,-0.472040593624115,-0.30720123648643494,-0.20603841543197632,-0.07024069130420685
international_law,How treaties are to be interpreted?,Treaties are to be interpreted in good faith in accordance with the ordinary meaning to be given to the terms of the treaty in their context and in the light of its object and purpose,Treaties are to be interpreted only in accordance with the ordinary meaning of their terms,"Treaties are to be interpreted in accordance with the intention of the parties, as evidenced in the preparatory works of the treaty",Treaties are to be interpreted only in light of its object and purpose,0,A,ok,,,,-5.029789924621582,-0.11697185871212981,-18.875,-18.875,-18.875,-12.53125,-9.244791984558105,-9.244791984558105,-7.328125,-7.328125,-6.000781059265137,-5.020263671875,-10.0625,-10.0625,-10.0625,-5.478515625,-3.609375,-3.609375,-2.623046875,-2.623046875,-1.9382812976837158,-1.4290364980697632
abstract_algebra,"Statement 1 | For any two groups G and G', there exists a homomorphism of G into G'. Statement 2 | Every homomorphism is a one-to-one map.","True, True","False, False","True, False","False, True",2,C,ok,,,The trivial homomorphism that maps everything to identity shows the first is true and the second is false,-1.607565999031067,-0.01448257656784745,-6.822916507720947,-4.714285850524902,-3.779829502105713,-3.349888324737549,-2.9040799140930176,-2.5578835010528564,-2.3229687213897705,-2.043844223022461,-1.8025197982788086,-1.6084924936294556,-1.6796875,-0.8459385633468628,-0.5068303942680359,-0.3629978597164154,-0.2195061594247818,-0.10821810364723206,-0.03554443269968033,0.04223001375794411,0.10777883976697922,0.17984750866889954
security_studies,"According to motivational realism, what might inspire the behaviour of so called 'greedy states'?",Human nature is fundamentally greedy.,All of these options.,State desire to increase wealth and prosperity.,State desire to spread its ideology.,1,B,ok,,,https://learninglink.oup.com/access/content/collins6e-student-resources/collins6e-chapter-2-self-test-questions,-4.943889617919922,-0.05748708858046421,-11.5625,-10.5625,-9.6875,-9.375,-8.890625,-7.928124904632568,-7.3664774894714355,-6.390324592590332,-5.587890625,-4.941004276275635,-3.609375,-2.5,-2.167187452316284,-2.0403645038604736,-1.77099609375,-1.5007812976837158,-1.3606178760528564,-1.1146334409713745,-0.9091145992279053,-0.7072610259056091
electrical_engineering,"If all the elements in a particular network are linear, then the superposition theorem would hold, when the excitation is",DC only,AC only,Either AC or DC,An Impulse,2,C,ok,,,,-2.724905014038086,-0.028988351213171126,-7.65625,-6.6484375,-6.015625,-5.328125,-4.818892002105713,-4.316706657409668,-3.71533203125,-3.39453125,-3.1142578125,-2.7255420684814453,-2.04296875,-1.60546875,-1.2861328125,-0.9171820878982544,-0.7403231263160706,-0.5748948454856873,-0.35894775390625,-0.2307400107383728,-0.11782226711511612,0.04088824614882469
virology,"Viruses have encouraged us to change our world, as we have now:",Eradicated smallpox,Eradicated polio,Increased hygiene,A better understanding of how cellular genes aid virus replication and so become a target for new drugs,0,A,ok,,,,-3.8376259803771973,-0.058145848187533294,-12.75,-10.203125,-7.6640625,-7.056250095367432,-6.033482074737549,-5.646484375,-5.33506965637207,-4.732244491577148,-4.424479007720947,-3.836390972137451,-3.609375,-2.40234375,-1.348876953125,-1.1042969226837158,-0.7551705241203308,-0.6303787231445312,-0.5293036699295044,-0.3592029809951782,-0.2863006591796875,-0.127655029296875
us_foreign_policy,"What, according to Systemic theories, is the primary determinant of a state's foreign policy?",The character of a state's leader,The distribution of power in the international system,The distribution of power within a state's governmental system,A state's political ideology,1,B,ok,,,https://learninglink.oup.com/access/content/cox_stokes3e-student-resources/Chapter-2-Self-test-questions-d01,-2.8316569328308105,-0.03331361097448012,-11.6875,-10.135416984558105,-7.837500095367432,-6.265625,-5.279513835906982,-4.8984375,-4.16259765625,-3.6134207248687744,-3.18341064453125,-2.833062171936035,-2.703125,-2.1145832538604736,-1.3644530773162842,-0.9596819281578064,-0.6924912929534912,-0.5833984613418579,-0.40869140625,-0.2741350531578064,-0.1451416015625,-0.01898871548473835
high_school_geography,Which theory below was used as justification for US involvement in Vietnam in the 1960s and 1970s?,Devolution,Colonialism,Heartland theory,Containment theory,3,D,ok,,,www.crackap.com - AP Human Geography Question 83,-1.8197367191314697,-0.019779746947081192,-7.828125,-6.168749809265137,-5.150390625,-4.546093940734863,-3.66796875,-3.039306640625,-2.7150607109069824,-2.3382859230041504,-2.047290802001953,-1.8198140859603882,-2.0859375,-1.7625000476837158,-1.25604248046875,-0.998950183391571,-0.75390625,-0.5806884765625,-0.486328125,-0.3719308078289032,-0.2734375,-0.17520254850387573
professional_medicine,"A 17-year-old girl has never had a menstrual period. Physical examination shows a normal female body habitus, normal breast development, and normal appearing external genitalia. She has no axillary or pubic hair. The patient refuses to have a pelvic or rectal examination. Which of the following is the most likely explanation for the clinical presentation?",Androgen insensitivity,Congenital adrenal hyperplasia,Ectodermal dysplasia,A psychiatric disorder,0,A,ok,,,https://www.usmle.org/sites/default/files/2021-08/Step_1_Sample_Items.pdf,-1.4815661907196045,-0.006358653179054097,-5.479910850524902,-4.4520087242126465,-3.639136791229248,-3.1068637371063232,-2.708258867263794,-2.3804874420166016,-2.0852997303009033,-1.8471418619155884,-1.64647376537323,-1.4819375276565552,-1.6400669813156128,-0.9749930500984192,-0.6333705186843872,-0.4489223062992096,-0.3050083816051483,-0.1903250515460968,-0.09680923074483871,-0.01348876953125,0.0653909370303154,0.15427595376968384
high_school_mathematics,"If matrix A has dimensions 2 × 7 and matrix B has dimensions 7 × 5, what are the dimensions of the product matrix AB?",2 × 2,2 × 5,5 × 2,7 × 7,1,B,ok,,,,-0.9221561551094055,-0.010848895942463594,-5.416666507720947,-3.5520832538604736,-2.7243924140930176,-2.1725261211395264,-1.7963541746139526,-1.5200467109680176,-1.3122209310531616,-1.1514028310775757,-1.0246198177337646,-0.9221578240394592,-1.98291015625,-0.9747314453125,-0.6270887851715088,-0.4385782778263092,-0.3152506649494171,-0.2226155549287796,-0.1433802992105484,-0.0755716934800148,-0.00995551235973835,0.05666504055261612
