subject,question,choice_A,choice_B,choice_C,choice_D,answer,answer_letter,split,loss,zlib,mink_0.1,mink_0.2,mink_0.3,mink_0.4,mink_0.5,mink_0.6,mink_0.7,mink_0.8,mink_0.9,mink_1.0,minkpp_0.1,minkpp_0.2,minkpp_0.3,minkpp_0.4,minkpp_0.5,minkpp_0.6,minkpp_0.7,minkpp_0.8,minkpp_0.9,minkpp_1.0
professional_law,"A company incorporated and headquartered in State A sued a plumber domiciled in State B in a federal court in State A, alleging that the plumber had negligently installed pipes in a manner that resulted in $250,000 in damage to the company's headquarters building. In response to the complaint, the plumber filed a motion to dismiss for lack of personal jurisdiction. The court denied the motion. Thereafter, the plumber did not file an answer or any other response to the company's action. Sixty days after the court's order denying the motion to dismiss, the company asked the clerk to enter default, and the clerk did so. The company applied to the court for the entry of a default judgment and notified the plumber three days before the default judgment hearing. After an ex parte hearing in which the court received evidence on the damages amount, the court entered a default judgment for the full amount sought. Ten days later, the plumber filed a motion to set aside the default judgment. Is the court likely to grant the plumber's motion?","No, because the court could fix the amount of damages even without hearing the plumber's evidence.","No, because the plumber failed to plead or otherwise defend against the company's action.","Yes, because the plumber was not given adequate notice of the hearing on the company's application for the entry of a default judgment.","Yes, because the State A federal court lacked personal jurisdiction over the plumber as a State B citizen.",2,C,test,-1.6347945928573608,-0.003441672827068128,-7.045312404632568,-5.625761985778809,-4.46950626373291,-3.683546781539917,-3.105093240737915,-2.6568281650543213,-2.3124196529388428,-2.037738084793091,-1.8165569305419922,-1.6346995830535889,-2.5121092796325684,-1.7619092464447021,-1.2403534650802612,-0.9103673100471497,-0.6874148845672607,-0.5241714119911194,-0.3969922959804535,-0.2920912206172943,-0.20256367325782776,-0.10406669229269028
moral_scenarios,"For which of these two scenarios does the main character (who uses I/me/my) do something clearly morally wrong, according to ordinary moral standards in the US as of 2020? Scenario 1 | I offered the babysitter extra money to stay late with me alone. Scenario 2 | I tossed the ball to my friend.","Wrong, Wrong","Wrong, Not wrong","Not wrong, Wrong","Not wrong, Not wrong",1,B,test,-2.962294101715088,-0.014961081321793373,-8.90625,-7.882211685180664,-6.759375095367432,-5.970486164093018,-5.232536792755127,-4.721484184265137,-4.173287868499756,-3.702401638031006,-3.3011715412139893,-2.9620299339294434,-2.4010417461395264,-1.8557692766189575,-1.4060547351837158,-1.0713049173355103,-0.8358638882637024,-0.6882919073104858,-0.536474347114563,-0.39752310514450073,-0.26673662662506104,-0.13656705617904663
nutrition,"Infants and children with a suspected food allergy e.g. cow's milk allergy/intolerance could display the following symptoms and signs:
",severe atopic dermatitis,enterocolitis,diarrhoea,all of the above,3,D,test,-2.8549587726593018,-0.025265121881940723,-11.5,-8.693750381469727,-7.464285850524902,-6.017187595367432,-5.10817289352417,-4.640104293823242,-4.0078125,-3.662890672683716,-3.2189197540283203,-2.854356050491333,-4.5234375,-2.80078125,-2.064174175262451,-1.383154273033142,-0.9825345277786255,-0.7991861701011658,-0.5918782353401184,-0.46843260526657104,-0.3147715628147125,-0.16261643171310425
conceptual_physics,"When you buy a pipe in a hardware store, the water isn’t included. When you buy copper wire, electrons",must be supplied by you,are included in the wire,may fall out—hence insulation,None of these,1,B,test,-3.1728551387786865,-0.03448755585629007,-8.53125,-8.1875,-7.447916507720947,-6.765625,-5.613636493682861,-4.96875,-4.4609375,-4.017233371734619,-3.6589226722717285,-3.172250986099243,-2.671875,-2.029296875,-1.6842447519302368,-1.35205078125,-0.9769620299339294,-0.7755784392356873,-0.6082356572151184,-0.46062156558036804,-0.34141138195991516,-0.18299449980258942
nutrition,"Which of the following statements about methods of evaluating protein quality in human nutrition is correct?
","The rat protein efficiency ratio assay, (PER), is a good method of assessing protein quality for human nutrition.","The rat net protein-utilisation assay, (NPU), is the best method of assessing protein quality for human nutrition.",Animal growth assays underestimate the quality of dietary proteins for human nutrition,The growing rat is a good model for assessing protein quality in human nutrition.,2,C,test,-2.2643213272094727,-0.02408852475754758,-9.0,-7.489583492279053,-5.448437690734863,-4.869791507720947,-4.1259765625,-3.5843749046325684,-3.3586647510528564,-2.938101053237915,-2.5607097148895264,-2.2621710300445557,-1.09375,-0.7786458134651184,-0.4754882752895355,-0.3719889223575592,-0.21307373046875,-0.08237304538488388,-0.018421519547700882,0.08567457646131516,0.16539713740348816,0.29069969058036804
miscellaneous,Which of these performers made her film debut in Spike Lee's 'Dothe Right Thing'?,Jennifer Lopez,Rosie Perez,Paula Abdul,Tisha Campbell,1,B,test,-3.3636298179626465,-0.042045372724533084,-11.75,-9.020833015441895,-7.65625,-7.098958492279053,-6.328125,-5.4375,-5.036931991577148,-4.357271671295166,-3.80029296875,-3.360177516937256,-4.96875,-3.3958332538604736,-2.7734375,-2.4088542461395264,-1.823486328125,-1.403710961341858,-1.248046875,-1.001802921295166,-0.8050781488418579,-0.5724954009056091
college_chemistry,Which of the following is required for both paramagnetism and ferromagnetism?,Strong oxidizing conditions,Low-spin electron configuration,Metallic physical properties,Unpaired electrons,3,D,test,-1.80712890625,-0.025452519806338027,-9.625,-7.09375,-5.8515625,-4.450520992279053,-3.58544921875,-3.204644203186035,-2.626187324523926,-2.407986879348755,-2.0639889240264893,-1.805990219116211,-2.3125,-1.33203125,-1.0556640625,-0.7334136962890625,-0.5445976257324219,-0.4804789125919342,-0.3737654387950897,-0.33049264550209045,-0.2217559814453125,-0.04437828063964844
security_studies,What preventative security measures might a government take in defence of a potential future terrorist attack?,Prevention is normally associated with the concept of terrorism as war or crime. All governments will practice prevention (seen as repression from the terrorist perspective) by seeking to arrest or eliminate those actively involved in the violence. Security forces attack the terrorists before they strike (war) or they are arrested after the attack (crime).,"Large terrorist organizations are hard to penetrate, being highly cohesive and centralized in structure. In both the warfare and criminal model, intelligence is obtained by two methods; firstly to elicit information from captured terrorists or secondly from an informer within the group. An intelligence coup greatly enhances the prospect of stopping terrorist operations once the larger group has been compromised.","Prevention of terrorism is a highly controversial policy designed to reduce the appeal of terrorism within the population through reform packages. The method is characterized by diplomatic exchanges. However, as a preventative method it has been questioned and it is argued to resemble concessionary politics.","Prevention is conceived as securing the physical integrity of targets and key political installations, particularly weapons installations, national buildings, national or cultural symbols, or defence deployments. Protecting possible targets of the state enhances the wellbeing of more vulnerable targets. Terrorists may move to more convenient territory to target their objectives which make it more difficult to control.",0,A,test,-4.122250556945801,-0.04480707127115001,-11.0625,-10.6875,-9.7578125,-7.979166507720947,-6.9375,-6.534722328186035,-5.782670497894287,-5.380208492279053,-4.685546875,-4.124786376953125,-8.0625,-5.026041507720947,-4.34765625,-3.005126953125,-2.240631103515625,-1.9580349922180176,-1.5333141088485718,-1.3650106191635132,-1.0913259983062744,-0.8389434814453125
miscellaneous,"When the production of a good generates negative externalities, the private market will",overproduce the good relative to the socially optimal level of output,underproduce the good relative to the socially optimal level of output,compensate the third parties harmed by the negative externality,charge lower than the market equilibrium price to compensate for the externality,0,A,test,-2.1988046169281006,-0.028555904115949358,-8.0625,-7.5,-5.16796875,-4.640625,-3.7075893878936768,-3.3955078125,-3.1467013359069824,-2.7340199947357178,-2.5556640625,-2.1960275173187256,-1.890625,-0.978759765625,-0.4349365234375,-0.3036132752895355,-0.1021902933716774,-0.02301025390625,0.0403103306889534,0.1565607190132141,0.2112223356962204,0.3199985921382904
professional_medicine,A 42-year-old woman with a history of multiple sclerosis comes to the office because she had a sudden loss of vision in the right eye. She has no history of diplopia. External ocular movements are normal but funduscopic examination shows pallor of the optic disk. This patient's condition is most likely a result of demyelination of which of the following?,Medial longitudinal fasciculus,Oculomotor nerve,Optic nerve,Trigeminal nerve,2,C,test,-1.7575173377990723,-0.007542992866090439,-7.044642925262451,-5.390625,-4.598721504211426,-3.8226561546325684,-3.25390625,-2.8571181297302246,-2.491671562194824,-2.221402883529663,-1.9638662338256836,-1.7573482990264893,-2.431919574737549,-1.6140625476837158,-1.171827793121338,-0.8476582765579224,-0.6400355100631714,-0.4932088255882263,-0.3513978123664856,-0.24881286919116974,-0.14089876413345337,-0.019570602104067802
elementary_mathematics,You and three friends go to a concert. The total cost for four tickets is $112. Write and solve an equation to find the cost of one ticket t.,4t = 112; $448,4t = 112; $28,t over 4 = 112; $448,t over 4 = 112; $28,1,B,test,-1.5981738567352295,-0.01452885324304754,-8.145833015441895,-5.830729007720947,-4.315625190734863,-3.627403736114502,-2.988511085510254,-2.60888671875,-2.31258487701416,-1.9948097467422485,-1.8056966066360474,-1.5975126028060913,-4.361979007720947,-2.4176433086395264,-1.4758422374725342,-1.090116024017334,-0.7638801336288452,-0.601055920124054,-0.46763014793395996,-0.31928619742393494,-0.22394612431526184,-0.10557287186384201
prehistory,Who was part of the elite class in the Olmec culture?,those who lived in the particularly rich farmlands,those who lived near resource-privileged areas,those who lived near the river where trading took place,those who lived near the volcanic rocks used in tool making,1,B,validation,-3.01387882232666,-0.05196342797114931,-8.875,-8.53125,-8.260416984558105,-7.4609375,-5.610677242279053,-4.9776787757873535,-4.47216796875,-3.9986979961395264,-3.612011671066284,-3.0150554180145264,-1.4296875,-1.208984375,-0.9309895634651184,-0.739013671875,-0.4716390073299408,-0.3706403374671936,-0.287445068359375,-0.2062445729970932,-0.13776855170726776,0.02972412109375
nutrition,"Infants born to mothers who are vegan may be at increased risk of deficiency of which nutrient?
",Vitamin C,Folate,Vitamin B12,Calcium,2,C,test,-1.9809036254882812,-0.02330474853515625,-8.25,-5.828125,-4.634375095367432,-3.864955425262451,-3.360243082046509,-2.997159004211426,-2.690805196762085,-2.4286458492279053,-2.2038142681121826,-1.9806679487228394,-1.2578125,-0.69140625,-0.4776855409145355,-0.3003278374671936,-0.187255859375,-0.08058860152959824,0.002122145378962159,0.07319335639476776,0.1440860480070114,0.2162957489490509
jurisprudence,Why is it important to separate the concept of punishment from its justification?,Because its justification depends on the concept employed.,Because any definition of punishment should be value-neutral.,Because the concept of punishment is controversial.,Because the practice of punishment is separate from its justification.,1,B,test,-2.4210011959075928,-0.03271623237712963,-8.0625,-6.71875,-5.791666507720947,-4.709374904632568,-4.385416507720947,-3.947544574737549,-3.327256917953491,-3.0796875953674316,-2.8439276218414307,-2.421722412109375,-1.140625,-0.861328125,-0.7486979365348816,-0.43623048067092896,-0.2984212338924408,-0.1991489976644516,-0.02945963479578495,0.05629882961511612,0.14066939055919647,0.30111929774284363
professional_law,"A young woman who attended a rock concert at a nightclub was injured when the band opened its performance with illegal fireworks that ignited foam insulation in the club's ceiling and walls. The young woman sued the radio station that sponsored the performance. The radio station has moved for summary judgment, claiming that it owed no duty to audience members. The evidence has established the following facts: The station advertised its sponsorship on the radio and in print, distributed free tickets to the concert, and in print, distributed free tickets to the concert, staffed the event with the station's interns to assist with crowd control, and provided a station disc jockey to serve as master of ceremonies. The master of ceremonies had the authority to stop or delay the performance at any time on the basis of any safety concern. The station knew or should have known that the band routinely used unlicensed, illegal fireworks in its performances. Should the court grant the radio station's motion for summary judgment? ","No, because there is sufficient evidence of knowledge and control on the part of the station to impose on it a duty of care to audience members.","No, because under respondeat superior, the radio station is vicariously liable for the negligent actions of the band.","Yes, because it is the band and the nightclub owners who owed audience members a duty of care.","Yes, because the conduct of the band in setting off illegal fireworks was criminal and setting off illegal fireworks was criminal and was a superseding cause as a matter of law.",0,A,validation,-2.2328569889068604,-0.004651785393555959,-7.603618621826172,-6.279605388641357,-5.289473533630371,-4.5812087059021,-4.019161224365234,-3.534231185913086,-3.126953125,-2.7775237560272217,-2.4784157276153564,-2.23199725151062,-1.9971216917037964,-1.3850740194320679,-0.9735749959945679,-0.7040292620658875,-0.5216526985168457,-0.38130804896354675,-0.2602676749229431,-0.15785859525203705,-0.06715080887079239,0.02589239738881588
high_school_mathematics,Solve for $x$:$$\left(\frac{1}{25}\right)^{x + 2} = 125^{-x}.$$,1,2,3,4,3,D,test,-1.4521417617797852,-0.02045270087013782,-6.46875,-5.0078125,-3.9947917461395264,-3.095252513885498,-2.668701171875,-2.3585526943206787,-2.0201256275177,-1.8153170347213745,-1.6450700759887695,-1.4513864517211914,-4.994791507720947,-3.3287761211395264,-2.410590171813965,-1.631742000579834,-1.2723236083984375,-1.0059493780136108,-0.748291015625,-0.5956937074661255,-0.46806809306144714,-0.31509676575660706
nutrition,"Obesity increases the risk of endometrial cancer. Which hormone is thought to mediate this effect?
",Testosterone,Oestrogen,Insulin-like growth factor-1,Thyroxine,1,B,test,-1.7273530960083008,-0.01898190215393737,-6.15625,-5.328125,-4.669270992279053,-3.916015625,-3.4398436546325684,-2.935546875,-2.551548480987549,-2.253143310546875,-2.0139431953430176,-1.726978063583374,-1.2109375,-1.0390625,-0.8206380009651184,-0.6049652099609375,-0.44989013671875,-0.3252665102481842,-0.22369384765625,-0.13860321044921875,-0.0689493790268898,0.042091004550457
moral_scenarios,"For which of these two scenarios does the main character (who uses I/me/my) do something clearly morally wrong, according to ordinary moral standards in the US as of 2020? Scenario 1 | I let my children throw icicles at each other, since it's only water. Scenario 2 | On my evening walk, I notice a child has fallen in a shallow pond and appears to be drowning, so I wade in and pull the child out.","Wrong, Wrong","Wrong, Not wrong","Not wrong, Wrong","Not wrong, Not wrong",1,B,test,-2.7049691677093506,-0.01048437661902849,-8.875,-7.330592155456543,-6.402901649475098,-5.581414699554443,-4.887799263000488,-4.273163318634033,-3.796638250350952,-3.3629214763641357,-3.021662473678589,-2.704571485519409,-2.6197917461395264,-1.732935905456543,-1.2649275064468384,-0.9330813884735107,-0.7335348129272461,-0.5662102699279785,-0.43561437726020813,-0.3089093565940857,-0.20800279080867767,-0.09420808404684067
moral_disputes, Papadaki argues that,sexual objectification is not always wrong.,sexual objectification involves the total reduction of a person to an object.,sexual objectification is not explainable in Kantian terms.,sexual objectification involves the denial of a person's humanity.,3,D,test,-7.152641296386719,-0.24664280332367997,-12.0625,-12.0625,-12.0625,-12.0625,-12.0625,-12.0625,-10.65625,-10.65625,-10.65625,-7.161458492279053,-2.15625,-2.15625,-2.15625,-2.15625,-2.15625,-2.15625,-1.552734375,-1.552734375,-1.552734375,-0.9114583134651184
philosophy,"The study of reality in the broadest sense, an inquiry into the elemental nature of the universe and the things in it, is known as _____.",metaphysics,epistemology,quantum physics,axiology,0,A,dev,-2.3343183994293213,-0.022445369225281935,-10.4375,-7.699999809265137,-6.109375,-4.9921875,-4.240513324737549,-3.702665328979492,-3.2865233421325684,-2.91355299949646,-2.595665454864502,-2.335784912109375,-2.21875,-1.25390625,-0.72515869140625,-0.4386097192764282,-0.2599399983882904,-0.13180720806121826,-0.0284423828125,0.06426205486059189,0.14293494820594788,0.23913994431495667
college_computer_science,"Consider the representation of six-bit numbers by two's complement, one's complement, or by sign and magnitude. In which representation is there overflow from the addition of the integers 011000 and 011000?",Two's complement only,Sign and magnitude and one's complement only,Two's complement and one's complement only,All three representations,3,D,test,-2.225557565689087,-0.01601120550855458,-7.9765625,-6.704861164093018,-5.573660850524902,-4.778782844543457,-4.124674320220947,-3.568830728530884,-3.132697582244873,-2.7758162021636963,-2.4744873046875,-2.225386619567871,-2.369140625,-1.8155381679534912,-1.2563650608062744,-0.9085115194320679,-0.6697590947151184,-0.4977774918079376,-0.3666130602359772,-0.25946515798568726,-0.16597123444080353,-0.06907685101032257
human_sexuality,Castration in adulthood,will produce a high voice because of decreased testosterone production.,will produce a high voice because of the pain that accompanies the procedure.,will not produce a high voice because the larynx has already grown.,will not produce a high voice because castration does not affect testosterone production.,2,C,test,-5.046229362487793,-0.1627815923383159,-8.4375,-8.4375,-8.4375,-8.4375,-7.71875,-7.71875,-7.71875,-6.234375,-6.234375,-5.048828125,-0.7890625,-0.7890625,-0.7890625,-0.7890625,-0.6484375,-0.6484375,-0.6484375,-0.3541666567325592,-0.3541666567325592,-0.0380859375
professional_law,"A worker was injured when a machine he was using on the job malfunctioned. The worker brought a federal diversity action against both the machine's manufacturer and the company responsible for the machine's maintenance. At trial, the worker submitted a proposed jury instruction on negligence. The court did not accept the proposed instruction and instead gave a negligence instruction that the worker's attorney believed was less favorable and legally incorrect. The attorney did not object to the negligence instruction before it was given. The jury returned a verdict for the defendants. The worker has moved for a new trial on the ground that the court's negligence instruction was improper. What argument has the best chance of persuading the court to grant the motion?",Issues of law can be raised at any time.,The court's negligence instruction was incorrect and the worker's objection to it was preserved when he submitted his it was preserved when he submitted his proposed negligence instruction.,The court's negligence instruction was plain error that affected the worker's substantial rights.,The need for a formal objection to a judicial ruling in order to preserve an argument has been eliminated in the Federal Rules of Civil Procedure.,2,C,test,-1.8247202634811401,-0.004739533151899065,-6.338942527770996,-5.232059955596924,-4.447027206420898,-3.8564815521240234,-3.3289291858673096,-2.8971989154815674,-2.569366693496704,-2.2777647972106934,-2.0304362773895264,-1.8251293897628784,-2.106370210647583,-1.3704427480697632,-0.909626305103302,-0.6556938886642456,-0.4630521833896637,-0.32201850414276123,-0.2168302834033966,-0.12275345623493195,-0.03821495547890663,0.05165623500943184
moral_scenarios,"For which of these two scenarios does the main character (who uses I/me/my) do something clearly morally wrong, according to ordinary moral standards in the US as of 2020? Scenario 1 | I poured the motor oil into the cooker. Scenario 2 | My daughter was humiliated because she broke the scale at the doctor's office, so I treated her to two personal training sessions.","Wrong, Wrong","Wrong, Not wrong","Not wrong, Wrong","Not wrong, Not wrong",1,B,test,-3.128145933151245,-0.012926222864261344,-8.9296875,-8.158203125,-7.111979007720947,-6.3037109375,-5.590234279632568,-4.98828125,-4.4259209632873535,-3.935791015625,-3.518402099609375,-3.128425121307373,-2.39453125,-1.845703125,-1.4842935800552368,-1.1733856201171875,-0.9344512820243835,-0.7541732788085938,-0.6023494005203247,-0.4717578887939453,-0.3491905927658081,-0.2123013734817505
moral_scenarios,"For which of these two scenarios does the main character (who uses I/me/my) do something clearly morally wrong, according to ordinary moral standards in the US as of 2020? Scenario 1 | I kissed my best friend's wife Scenario 2 | I keep boxes of candy in my van to draw in kids.","Wrong, Wrong","Wrong, Not wrong","Not wrong, Wrong","Not wrong, Not wrong",0,A,test,-3.3297696113586426,-0.017342550059159596,-10.333333015441895,-9.09134578704834,-7.809210300445557,-6.721755027770996,-5.904829502105713,-5.31129789352417,-4.674422740936279,-4.198129653930664,-3.723785877227783,-3.32989501953125,-3.1536457538604736,-2.313701868057251,-1.8401521444320679,-1.3887892961502075,-1.0801743268966675,-0.8923840522766113,-0.70644211769104,-0.5677255392074585,-0.4212501645088196,-0.2761933207511902
machine_learning,"Statement 1| The SVM learning algorithm is guaranteed to find the globally optimal hypothesis with respect to its object function. Statement 2| After being mapped into feature space Q through a radial basis kernel function, a Perceptron may be able to achieve better classification performance than in its original space (though we can’t guarantee this).","True, True","False, False","True, False","False, True",0,A,test,-3.0281918048858643,-0.012670258597848804,-9.854166984558105,-8.15625,-7.120065689086914,-6.198918342590332,-5.469482421875,-4.751402378082275,-4.257378578186035,-3.766301155090332,-3.3929991722106934,-3.028792142868042,-2.7239582538604736,-2.060697078704834,-1.6918174028396606,-1.3438626527786255,-1.0807342529296875,-0.8514623641967773,-0.6909288167953491,-0.5303860902786255,-0.4050040543079376,-0.27082332968711853
high_school_european_history,"This question refers to the following information.
Under the name of Chartist well-meaning inconsiderate men and other misled men have in very many cases, all over the country from the extreme west to the extreme east and from Brighton in the south to nearly the extreme north of Scotland, denounced every man who is not a working man, applied to him, the grossest epithets and most atrocious intentions and conduct, have threatened them with vengeance and in some places, have proposed plans for the seizure and division of their property—numbers of misled men and others of bad character, under the self-denomination of Chartists have gone from place to place and in the most violent manner disturbed and dispersed meetings of various kinds. Your Committee object to the words Household Suffrage since under any honest definition of the words—they would exclude a large majority of the men of these kingdoms—and because they have become reasonably obnoxious to the political portion of the working people.
—Excerpt of a letter from British social reformer Francis Place, written in 1842
Which of the following best characterizes the historical point of view of the document above?",The author must not be a radical reformer because he criticizes the Chartists.,The author must be a radical reformer because he criticizes the Chartists.,The author believes in universal male suffrage.,The author thinks the Chartists are the best part of the reform movement.,0,A,validation,-3.201409339904785,-0.0049866189095090115,-10.0,-8.19361400604248,-7.173460006713867,-6.3191237449646,-5.6188859939575195,-5.008152008056641,-4.456036567687988,-3.9689834117889404,-3.554133176803589,-3.201141119003296,-2.6966712474823,-1.9124490022659302,-1.4429347515106201,-1.1106693744659424,-0.8685286641120911,-0.6814208030700684,-0.5265488028526306,-0.3942496180534363,-0.2797919511795044,-0.16254644095897675
security_studies,Which of these is not a widely articulated or valid criticism of constructivism?,Constructivism lacks the ability to empirically prove its theories.,The rationalist foundations of constructivism create difficulties in applying its theories within a changing international system.,"By regarding the state as the most important actor, constructivism neglects internationalization in a globalized world.","Despite rejecting causality, constructivists simply replace the material trigger of causality with ideas.",1,B,test,-3.98582124710083,-0.053144283294677734,-12.5,-11.53125,-9.6171875,-8.574999809265137,-7.129464149475098,-6.4765625,-5.955729007720947,-5.004438877105713,-4.618978023529053,-3.984096050262451,-4.6875,-3.796875,-2.619140625,-2.2164063453674316,-1.4991629123687744,-1.257080078125,-1.060546875,-0.7682883739471436,-0.64697265625,-0.3796038031578064
professional_accounting,The Internal Revenue Code and the Regulations do not impose penalties on tax return preparers for which of the following?,Failure to sign a prepared tax return as a tax preparer.,Failure to provide a copy of a prepared tax return to the taxpayer.,Failure to notify a taxpayer about an inadvertent error on a tax return filed 10 years ago.,Failure to retain copies of prepared tax returns or a list of taxpayers for whom such returns were prepared for the last three years.,2,C,test,-2.667358875274658,-0.0258966881094627,-7.953125,-6.96875,-6.302083492279053,-5.8359375,-5.123437404632568,-4.462890625,-3.9366629123687744,-3.490997314453125,-3.111463785171509,-2.667339563369751,-1.1796875,-0.8876953125,-0.7561848759651184,-0.618927001953125,-0.4907775819301605,-0.3981374204158783,-0.309173583984375,-0.23414993286132812,-0.1431376188993454,0.0011945451842620969
marketing,Marketing that moves away from a transaction-based effort to a conversation (i.e. two-way dialogue) and can be described as a situation or mechanism through which marketers and a customer (e.g. stakeholders) interact usually in real-time is known as:,Digital marketing.,Interactive marketing.,Direct marketing.,Electronic marketing.,1,B,test,-3.1115500926971436,-0.01767926189032468,-8.734375,-7.53819465637207,-6.651785850524902,-5.951480388641357,-5.356119632720947,-4.824622631072998,-4.302619457244873,-3.8610777854919434,-3.4649879932403564,-3.1126821041107178,-2.85546875,-1.9058159589767456,-1.4849330186843872,-1.1589484214782715,-0.9036356806755066,-0.7176303267478943,-0.5641300082206726,-0.4241974651813507,-0.2966253161430359,-0.176513671875
sociology,Socialization is:,the formation of an attachment bond between an infant and its carer,a tendency of social theorists to explain everything in terms of social causes,the process of becoming part of a society by learning its norms and values,the historical process by which societies change from traditional to modern,2,C,test,-4.068223476409912,-0.1627289390563965,-6.09375,-6.09375,-6.09375,-6.09375,-6.09375,-6.09375,-5.421875,-5.421875,-5.421875,-4.065104007720947,-1.71875,-1.71875,-1.71875,-1.71875,-1.71875,-1.71875,-0.572265625,-0.572265625,-0.572265625,-0.109375
high_school_statistics,"As reported on CNN, in a May 1999 national poll 43% of high school students expressed fear about going to school. Which of the following best describes what is meant by the poll having a margin of error of 5%?",It is likely that the true proportion of high school students afraid to go to school is between 38% and 48%.,Five percent of the students refused to participate in the poll.,Between 38% and 48% of those surveyed expressed fear about going to school.,There is a 0.05 probability that the 43% result is in error.,0,A,test,-2.376801013946533,-0.015138859961442886,-7.412499904632568,-6.346875190734863,-5.6072916984558105,-4.928906440734863,-4.35031270980835,-3.853775978088379,-3.393749952316284,-3.010009765625,-2.690711736679077,-2.3777644634246826,-1.9890625476837158,-1.478515625,-1.140234351158142,-0.9130859375,-0.7072070240974426,-0.5519368648529053,-0.41700613498687744,-0.30316162109375,-0.20680338144302368,-0.09232345223426819
abstract_algebra,Compute the product in the given ring. (12)(16) in Z_24,0,1,4,6,0,A,test,-2.253762722015381,-0.039539696877462824,-7.375,-5.098958492279053,-4.481249809265137,-4.060267925262451,-3.618055582046509,-3.248579502105713,-2.9609375,-2.7135417461395264,-2.4834558963775635,-2.2540090084075928,-4.09375,-1.8216146230697632,-1.109619140625,-0.7127860188484192,-0.442626953125,-0.24638228118419647,-0.09699894487857819,0.014111327938735485,0.10528205335140228,0.19637900590896606
college_medicine,"Myoclonic epilepsy and ragged-red fiber (MERRF) is an extremely rare disorder that affects neuromuscular systems. MERRF results from a mutation in mitochondrial DNA (mtDNA) that impairs protein synthesis, oxygen consumption, and energy production. When an affected male and a normal female reproduce, which of the following best predicts the expected phenotypic ratios of the offspring?",None of the offspring will be affected,All males and no females will be affected,Half of males and half of females will be affected,One-fourth of the offspring will be affected,0,A,test,-1.8078454732894897,-0.007117501863344448,-6.35546875,-5.28125,-4.419270992279053,-3.8115234375,-3.320117235183716,-2.9278972148895264,-2.5604770183563232,-2.2567367553710938,-2.008434295654297,-1.8076881170272827,-1.853515625,-1.30908203125,-0.94586181640625,-0.7036361694335938,-0.549670398235321,-0.4310811460018158,-0.32366943359375,-0.23148345947265625,-0.1462470144033432,-0.06306762993335724
professional_psychology,"According to Piaget, children are ___________.",“Blank slates”,Less intelligent than adults,“Little scientists”,Shaped by culture,2,C,test,-2.8495311737060547,-0.06332291497124566,-7.78125,-7.78125,-6.859375,-6.083333492279053,-5.296875,-4.818749904632568,-4.20703125,-3.650669574737549,-3.20281982421875,-2.8469510078430176,-1.015625,-1.015625,-0.84765625,-0.697265625,-0.54638671875,-0.4317871034145355,-0.35009765625,-0.267578125,-0.17578125,-0.09375
professional_law,"Mary, a wealthy St. Petersburg widow, executed her first and only will on May 15, 1990 and died on August 18, 1990. Her will provided that her estate be divided equally between her only child, Joan, and the Salvation Army of Largo. How will Mary's estate actually be distributed?",100% to Joan.,100% to Joan if she files a timely petition requesting that the devise to the Salvation Army be avoided.,50% to Joan and 50% to the Salvation Army.,"50% to Joan and the income from the remaining 50% to Joan for life, remainder to the Salvation Army, if Joan files a timely petition protesting the devise to the Salvation Army.",2,C,test,-2.1986382007598877,-0.011275067696204552,-8.477678298950195,-6.767857074737549,-5.627976417541504,-4.778738975524902,-4.089062690734863,-3.56640625,-3.146683692932129,-2.7791659832000732,-2.4770348072052,-2.1984803676605225,-3.8705356121063232,-2.5122768878936768,-1.8790922164916992,-1.4534432888031006,-1.1521658897399902,-0.932131826877594,-0.7527328729629517,-0.6003265380859375,-0.4590948224067688,-0.3133407235145569
professional_law,"An investor owned a building in a city. This was the only piece of real estate that the investor owned. The three-story building had a store on the ground floor and apartments on the other two floors. The investor entered into a leasehold agreement with a tenant, who would lease the first floor, where she planned to open a sporting goods store. After identifying the parties, the operative words of the lease were as follows: ""Landlord hereby agrees to lease for the three years the first floor of his building in the city to tenant, reserving unto said landlord annual rental in the sum of $12,000 payable in advance in monthly installments of $1,000. ""After the tenant took possession and the investor accepted her rent payment for the first floor of the building, which of the following most accurately describes the legal relationship between the parties?",A tenancy at will was created.,A periodic tenancy from month-to-month was created.,A periodic tenancy from year-to-year was created.,The tenant's equitable three-year term became a legal three-year term.,3,D,test,-2.0954480171203613,-0.004806073433762297,-7.955882549285889,-6.2120537757873535,-5.237680435180664,-4.457923889160156,-3.8592851161956787,-3.3436756134033203,-2.9494428634643555,-2.6051340103149414,-2.3329083919525146,-2.0947062969207764,-2.3074448108673096,-1.5969866514205933,-1.1700791120529175,-0.8404000401496887,-0.6291518211364746,-0.4627406597137451,-0.3369290828704834,-0.2248317152261734,-0.12766143679618835,-0.0294189453125
miscellaneous,Earth's seasons are caused by which of the following?,The tilt of Earth's axis of rotation relative to the ecliptic as Earth revolves around the Sun,The varying amount of sunspot activity,Earth's orbit about the Sun as an ellipse rather than a circle,The rotation of Earth during a 24-hour day,0,A,test,-1.11410653591156,-0.018264041572320658,-6.0625,-4.1328125,-3.25,-2.578125,-2.1285157203674316,-1.8170572519302368,-1.5772879123687744,-1.3876953125,-1.236083984375,-1.1124756336212158,-0.1123046875,-0.033935546875,-0.0037434895057231188,0.0343017578125,0.07373046875,0.119384765625,0.1648298054933548,0.21160888671875,0.25537109375,0.3282714784145355
high_school_us_history,"This question refers to the following information.
At a meeting of working girls held at Hull House during a strike in a large shoe factory, the discussions made it clear that the strikers who had been most easily frightened, and therefore the first to capitulate, were naturally those girls who were paying board and were afraid of being put out if they fell too far behind. After a recital of a case of peculiar hardship one of them exclaimed: ""Wouldn't it be fine if we had a boarding club of our own, and then we could stand behind each other in a time like this?"" After that events moved quickly. We … discussed all the difficulties and fascinations of such an undertaking, and on the first of May, 1891, two comfortable apartments near Hull House were rented and furnished. The Settlement was responsible for the furniture and paid the first month's rent, but beyond that the members managed the club themselves.… At the end of the third year the club occupied all of the six apartments which the original building contained, and numbered fifty members.
—Jane Addams, Twenty Years at Hull House, 1912
Which of the following best reflects the perspective of Jane Addams in the passage above?",Poor people need the leadership of reformers like herself.,Poor people need support in helping themselves.,Poor people don't need outside help.,Poor people don't deserve help.,1,B,test,-2.770829916000366,-0.004154167790105497,-9.31640625,-7.498724460601807,-6.401815891265869,-5.597222328186035,-4.918661594390869,-4.340761184692383,-3.855221748352051,-3.439826011657715,-3.078273296356201,-2.7710494995117188,-2.5003254413604736,-1.8218271732330322,-1.4001795053482056,-1.0729008913040161,-0.836527407169342,-0.6566950678825378,-0.506835401058197,-0.3769821226596832,-0.26494449377059937,-0.15235906839370728
moral_disputes, Which of the following is not an example of a natural right that Locke uses?,the right to life,the right to liberty,the right to citizenship,the right to property,2,C,test,-2.70432710647583,-0.03654496089832203,-8.375,-6.9375,-6.3984375,-5.401041507720947,-4.8995537757873535,-4.152777671813965,-3.8421874046325684,-3.3610026836395264,-3.112605094909668,-2.7011799812316895,-1.4609375,-1.1666666269302368,-1.0078125,-0.6857096552848816,-0.5657086968421936,-0.3900824785232544,-0.31865233182907104,-0.1161295548081398,-0.0224609375,0.13365885615348816
high_school_computer_science,"Consider the following segment of code.
 String word = ""conflagration"";
 int x = word.indexOf(""flag"");
 String s = word.substring(0, x);
 What will be the result of executing the above segment?",String s will be the empty string.,"String s will contain ""flag"".","String s will contain ""conf"".","String s will contain ""con"".",3,D,validation,-1.944685935974121,-0.01350476344426473,-9.5703125,-6.546875,-4.986607074737549,-4.267795085906982,-3.65285325050354,-3.141880512237549,-2.79132080078125,-2.4444680213928223,-2.1682941913604736,-1.9448449611663818,-1.5380859375,-1.0726996660232544,-0.7401951551437378,-0.5500759482383728,-0.37257981300354004,-0.2495466023683548,-0.171661376953125,-0.09018686413764954,-0.009137834422290325,0.08774518221616745
astronomy,Which planet(s) in the solar system has/have active plate tectonics?,Mars,Venus,Earth,Mars and Earth,2,C,test,-2.0109167098999023,-0.028322770561970457,-10.0,-7.75,-5.896874904632568,-5.204427242279053,-4.130859375,-3.410351514816284,-3.101728916168213,-2.626924991607666,-2.2766683101654053,-2.0088250637054443,-2.5,-1.7109375,-1.0959351062774658,-0.9107258915901184,-0.676300048828125,-0.5183349847793579,-0.4605602025985718,-0.351318359375,-0.23442383110523224,-0.1241239681839943
moral_scenarios,"For which of these two scenarios does the main character (who uses I/me/my) do something clearly morally wrong, according to ordinary moral standards in the US as of 2020? Scenario 1 | I encouraged my son to eat thirty grapes today. Scenario 2 | As my kids laid in their own bed, I placed pieces of glass under their pillow.","Wrong, Wrong","Wrong, Not wrong","Not wrong, Wrong","Not wrong, Not wrong",2,C,test,-3.2787957191467285,-0.014971669950441682,-9.455357551574707,-8.439732551574707,-7.333806991577148,-6.577047348022461,-5.80320930480957,-5.194247245788574,-4.631740093231201,-4.080508708953857,-3.674508810043335,-3.2781033515930176,-3.2566964626312256,-2.3510043621063232,-1.7396129369735718,-1.3722134828567505,-1.0672013759613037,-0.8787647485733032,-0.7190108895301819,-0.5603751540184021,-0.4332330822944641,-0.2894270718097687
professional_law,"A millionaire owned two adjacent 10-story commercial buildings. One building housed medical offices, and the other building housed dental offices. The first floors of both buildings were occupied by various retail establishments. The buildings' other floors were rented to professionals and used as offices. There was an enclosed walkway that connected the second floor of each building. Thus, shoppers and office staff could walk across the common walkway and gain access to each building. While the buildings were being used in this manner, the millionaire sold the dental building to an investor by warranty deed, which made no mention of any rights concerning the walkway. The walkway continued to be used by the occupants of both buildings. Thereafter, the walkway became unsafe as a consequence of wear and tear. As a result, the investor hired a contractor to repair the walkway area. When the millionaire saw the contractor removing the carpeting along the walkway, he demanded that the investor discontinue the repair work. After the investor refused, the millionaire brought an action to enjoin the investor from continuing the work. The most likely result will be a decision for","the millionaire, because the investor does not have rights in the walkway.","the millionaire, because the investor's rights in the dental building do not extend to the walkway.","the investor, because the investor has an easement in the walkway and an implied right to keep the walkway in repair.","the investor, because he has a right to take whatever action is necessary to protect himself from possible tort liability from persons using the walkway.",2,C,test,-2.1085941791534424,-0.003912048569857963,-7.561079502105713,-6.1203837394714355,-5.213778495788574,-4.5078125,-3.9089245796203613,-3.398496150970459,-2.9647185802459717,-2.6290159225463867,-2.3495264053344727,-2.109063148498535,-2.427201747894287,-1.6048916578292847,-1.1599787473678589,-0.8536205291748047,-0.6510818004608154,-0.49668529629707336,-0.36454930901527405,-0.25524798035621643,-0.16031524538993835,-0.05894654989242554
professional_law,"The president, vice-president, and U.S. civil officers can be impeached. Which of the following is not true about impeachment?",Grounds include treason and bribery,Grounds include high crimes and misdemeanors,A majority vote in the House is necessary to invoke charges of impeachment,A three-fourths vote in the Senate is necessary to convict and remove from office,3,D,test,-2.686829090118408,-0.025834895097292386,-10.21875,-8.006250381469727,-7.0089287757873535,-5.800000190734863,-4.880408763885498,-4.360937595367432,-3.7834200859069824,-3.466015577316284,-3.0353896617889404,-2.6860480308532715,-2.4609375,-1.544531226158142,-1.2720423936843872,-0.901293933391571,-0.6723820567131042,-0.552783191204071,-0.4005398154258728,-0.3138061463832855,-0.19491975009441376,-0.06425593793392181
logical_fallacies,"The fallacy that involves reasoning that determines the conclusion one wants first, then accepts only evidence supporting that conclusion, or interprets all evidence as support for that conclusion is known as",ad ignorantium,a priori,plurium interrogationum,Extension,1,B,test,-2.9252631664276123,-0.02250202435713548,-9.270833015441895,-8.151041984558105,-6.626562595367432,-5.90504789352417,-5.122242450714111,-4.555859565734863,-4.118546009063721,-3.6396121978759766,-3.3119139671325684,-2.9258387088775635,-2.421875,-2.0403645038604736,-1.5632812976837158,-1.2900766134262085,-0.9737548828125,-0.7917541265487671,-0.65052330493927,-0.5010533928871155,-0.4001668393611908,-0.2726655900478363
high_school_world_history,"This question refers to the following information.
""Purusa-Sukta""
Purusa is the lord of the immortals, who grow by means of [ritual] food. When the gods performed a sacrifice with the offering Purusa, spring was its clarified butter, summer the kindling, autumn the oblation.
It was Purusa, born in the beginning, which they sprinkled on the sacred grass as a sacrifice. It made the beasts of the air, the forest and the village. From that sacrifice completely offered, the mantras [Rig Veda] and the songs [Samaveda] were born. The sacrificial formulae [Yajurveda] were born from it. From it the horses were born and all that have cutting teeth in both jaws. The cows were born from it, also. From it were born goats and sheep.
When they divided Purusa, how many ways did they apportion him? What was his mouth? What were his arms? What were his thighs, his feet declared to be? His mouth was the Brahman, his arms were the Rajanaya [Ksatriya], his thighs the Vaisya; from his feet the Sudra was born. Thus, they fashioned the worlds. The gods sacrificed with the sacrifice to the sacrifice. These were the first rites.
—Hymns excerpted and adapted from the Rig Veda, oldest surviving literary work, India, 1500–1000 BCE
Which of the following would best contradict the argument that the caste system imposed rigid economic and social roles on Indian society in the period 600 BCE to 600 CE?",For there is nothing better for a Kshatriya than a righteous battle.,The four divisions of human society are created by me [Krishna].,The person traditionally credited with composing the Mahabarata was born to a fisherwoman.,"The Hindu God Shiva is considered to be simultaneously the creator, the preserver, and the destroyer.",2,C,test,-2.5056116580963135,-0.003422966746033215,-9.038602828979492,-7.1875,-6.1180219650268555,-5.249433994293213,-4.524746894836426,-3.9732978343963623,-3.501146078109741,-3.12054181098938,-2.785801649093628,-2.5052270889282227,-3.22265625,-2.119112253189087,-1.5442534685134888,-1.1474965810775757,-0.8809357285499573,-0.6818742752075195,-0.5170839428901672,-0.3834264874458313,-0.26742592453956604,-0.1542108803987503
college_medicine,"A new enzyme is found in a transgenic mice that participates in synthesis of an unknown product using two reactants. When using radiolabeled compounds to study the enzyme, it is found that the enzyme catalyzes a process that switches a nitrogen group on one reactant to the other reactant. Which of the following categories would this new enzyme fall under?",Oxidoreductase,Transferase,Hydrolase,Lyase,1,B,test,-2.4094533920288086,-0.01125912800013462,-8.125,-6.8058037757873535,-5.726190567016602,-4.969307899475098,-4.333705425262451,-3.8331472873687744,-3.416135311126709,-3.040980815887451,-2.7128286361694336,-2.408684015274048,-1.8091517686843872,-1.3074777126312256,-0.9594029188156128,-0.7160819172859192,-0.5455077886581421,-0.416596919298172,-0.30674028396606445,-0.2083042711019516,-0.1215432807803154,-0.022625990211963654
high_school_geography,The best definition of an urban area is,the central city and its developed areas.,the central city and its surrounding suburbs.,the central city and its hinterlands.,the central city and the adjacent counties.,1,B,test,-3.651371717453003,-0.08114159372117784,-7.59375,-7.59375,-7.109375,-7.109375,-6.770833492279053,-5.8671875,-5.8671875,-4.990624904632568,-4.216471195220947,-3.6554129123687744,-0.1865234375,-0.1865234375,-0.16748046875,-0.16748046875,-0.14892578125,-0.0247802734375,-0.0247802734375,0.08330078423023224,0.1820475310087204,0.3111746609210968
professional_law,"To improve the quality of rental housing within its boundaries, a city proposed an ordinance requiring all new and existing rental housing units to provide at least one full bathroom for each bedroom, plumbing and electrical hookups for a washer and dryer, and a covered parking space. A majority of the owners of existing rental housing in the city opposed the ordinance. They argued that it would dramatically decrease the number of lowincome rental housing units because owners would be unable to raise rents enough to recoup the investment required to comply. Without denying these contentions, the city enacted the ordinance. A plaintiff who owns low-income rental housing has sued the city, claiming only that the ordinance is unconstitutional on its face. Which of the following best states the burden of persuasion in this action?","The city must demonstrate that the ordinance is necessary to serve a compelling state interest, because it adversely affects the fundamental right of rental housing owners to use their property in the manner they deem most economically efficient.","The city must demonstrate that the ordinance is necessary to serve a compelling state interest, because it will have a substantial and disproportionate negative impact on low-income persons.","The plaintiff must demonstrate that the ordinance is not substantially related to an important state interest, because it requires some owners of rental housing to invest money that they will not be able to recoup from increased rents.","The plaintiff must demonstrate that there is no rational relationship between the ordinance and any legitimate state interest, because the ordinance regulates economic activity of a type normally presumed to be within state regulatory authority.",3,D,test,-2.3012521266937256,-0.005376757305359172,-8.029166221618652,-6.457291603088379,-5.47569465637207,-4.749218940734863,-4.137395858764648,-3.6365885734558105,-3.212462902069092,-2.858675241470337,-2.5546658039093018,-2.3010480403900146,-2.4244792461395264,-1.7109375,-1.2638400793075562,-0.9290049076080322,-0.7016414403915405,-0.5319885015487671,-0.3938993811607361,-0.27788135409355164,-0.17307625710964203,-0.06595093011856079
machine_learning,Which of the following are the spatial clustering algorithms?,Partitioning based clustering,K-means clustering,Grid based clustering,All of the above,3,D,test,-3.418733596801758,-0.055140864464544484,-10.9375,-10.9375,-10.90625,-8.041666984558105,-6.578125,-5.643750190734863,-5.016927242279053,-4.392857074737549,-3.84759521484375,-3.421807289123535,-2.328125,-2.328125,-2.2734375,-1.4768880605697632,-1.0712890625,-0.7328125238418579,-0.4954427182674408,-0.3247767984867096,-0.1484375,0.0329861119389534
moral_scenarios,"For which of these two scenarios does the main character (who uses I/me/my) do something clearly morally wrong, according to ordinary moral standards in the US as of 2020? Scenario 1 | I picked up my mom from the doctors five minutes early. Scenario 2 | I watched the nurse grab a box of medication and put them in her purse at work.","Wrong, Wrong","Wrong, Not wrong","Not wrong, Wrong","Not wrong, Not wrong",2,C,test,-3.099189043045044,-0.013835665370736803,-8.348214149475098,-7.527083396911621,-6.7272725105285645,-6.0411458015441895,-5.354440689086914,-4.834374904632568,-4.326429843902588,-3.8878581523895264,-3.462057590484619,-3.098849296569824,-2.5703125,-1.9583333730697632,-1.5790127515792847,-1.2325602769851685,-0.9644454121589661,-0.7939561605453491,-0.6253777146339417,-0.500659167766571,-0.37328383326530457,-0.23530659079551697
marketing, Which of the following is the interpersonal communication about products or services where a receiver regards the communicator as impartial and is not attempting to sell products or services?,Word of Mouth (WOM).,Personal Selling (PS).,Direct Marketing (DM).,Customer Service (CS).,0,A,test,-3.33021879196167,-0.026222195212296615,-13.0,-9.981249809265137,-8.5859375,-7.284090995788574,-6.160714149475098,-5.376838207244873,-4.728515625,-4.17561149597168,-3.707144021987915,-3.328348159790039,-3.09375,-2.237499952316284,-1.8193359375,-1.3424626588821411,-1.0077775716781616,-0.7774299383163452,-0.6081787347793579,-0.4674549996852875,-0.33208757638931274,-0.18054619431495667
moral_disputes," According to Marquis, abortion is",absolutely wrong.,seriously presumptively wrong.,generally permissible.,always permissible.,1,B,test,-3.9259073734283447,-0.09347398508162726,-10.375,-10.375,-10.375,-9.59375,-7.182291507720947,-7.182291507720947,-5.7734375,-5.7734375,-4.705078125,-3.9247639179229736,-1.671875,-1.671875,-1.671875,-1.4453125,-0.9156901240348816,-0.9156901240348816,-0.643310546875,-0.643310546875,-0.3919921815395355,-0.12744140625
human_aging,Prospective memory refers to memory,For some recent event,For something that happened a long time ago,To do something in the future,For the context and source of remembered information,2,C,test,-3.1339352130889893,-0.0824719792918155,-5.625,-5.625,-5.625,-5.15625,-5.15625,-4.338541507720947,-4.338541507720947,-3.9140625,-3.9140625,-3.1312499046325684,-1.71875,-1.71875,-1.71875,-0.84381103515625,-0.84381103515625,-0.5049235224723816,-0.5049235224723816,-0.326202392578125,-0.326202392578125,-0.19924315810203552
prehistory,"A preserved pile of trash, often containing food remains, is called a _____________. At the Danish site of Meilgaard, one of these places contained millions of ______________.",midden; mollusk shells,camelid; pottery sherds,rachis; bones of domesticated cattle.,littoral; microblades,0,A,validation,-3.594637632369995,-0.029955313603083292,-12.708333015441895,-10.419642448425293,-8.925000190734863,-7.3359375,-6.28993034362793,-5.658854007720947,-4.963437557220459,-4.525390625,-4.0213623046875,-3.595675230026245,-4.84375,-3.068080425262451,-2.2738280296325684,-1.6614816188812256,-1.2336697578430176,-0.9981864094734192,-0.7516015768051147,-0.6063407063484192,-0.444976806640625,-0.2865939736366272
elementary_mathematics,"Altogether, Sonia and Negin have $27.00. Sonia buys a shirt for $12.35 and Negin buys a pair of sandals for $10.11. How much money remains?",$4.46 ,$4.54 ,$5.36 ,$5.76 ,1,B,test,-1.943191409111023,-0.016897316600965415,-8.3203125,-6.16319465637207,-4.9207587242126465,-4.219183921813965,-3.5940897464752197,-3.1238839626312256,-2.80096435546875,-2.4623496532440186,-2.173403739929199,-1.9431802034378052,-2.67578125,-1.7743055820465088,-1.1246774196624756,-0.8455336093902588,-0.6221499443054199,-0.4491446316242218,-0.3246421813964844,-0.19493968784809113,-0.07342529296875,0.05506410077214241
high_school_psychology,What is the principal tool used in all forms of psychotherapy?,talking to a patient,cognitive/behavioral interventions,biomedical/cognitive treatments,somatic therapies,0,A,test,-3.009214162826538,-0.04629560250502366,-8.8125,-8.203125,-7.833333492279053,-7.1640625,-5.533854007720947,-4.873325824737549,-4.3681640625,-3.9713542461395264,-3.592089891433716,-3.0077311992645264,-1.2265625,-1.025390625,-0.7779948115348816,-0.5693359375,-0.2941080629825592,-0.1988002210855484,-0.1094970703125,-0.0322265625,0.04443359375,0.2362467497587204
global_facts,In 1948 how many Americans believed the Kinsey Report on Sexuality in the Male to be a bad thing?,92%,64%,27%,11%,3,D,validation,-3.517941474914551,-0.03823849429254946,-11.8125,-9.262499809265137,-7.924107074737549,-6.740624904632568,-6.092447757720947,-5.316666603088379,-4.904411792755127,-4.300390720367432,-3.9616477489471436,-3.518789052963257,-3.6875,-2.34375,-1.8560267686843872,-1.3437988758087158,-1.12347412109375,-0.8331543207168579,-0.6844697594642639,-0.49859619140625,-0.3955633044242859,-0.26356446743011475
high_school_government_and_politics,"Ruled unconstitutional in 1983, the legislative veto had allowed",the executive branch to veto legislation approved by Congress,federal district courts to overturn legislation,the president to veto state laws,Congress to nullify resolutions approved by the executive branch,3,D,test,-3.171201467514038,-0.04663531569873586,-11.4375,-9.90625,-7.55078125,-6.765625,-5.560267925262451,-5.0556640625,-4.599826335906982,-3.9264914989471436,-3.6487629413604736,-3.1683871746063232,-1.6796875,-1.34765625,-0.93994140625,-0.7964843511581421,-0.60302734375,-0.47906494140625,-0.37744140625,-0.18204012513160706,-0.1011149063706398,0.0467006154358387
logical_fallacies,Which fallacy happens because of a failure to recognize the alternatives presented are not mutually exclusive?,Begging the Question,Accident,Circular reasoning,False dilemma,3,D,test,-3.4653143882751465,-0.03686504668377815,-11.125,-8.90625,-7.90625,-7.390625,-6.26171875,-5.3671875,-5.006392002105713,-4.435096263885498,-3.9130208492279053,-3.461280345916748,-3.640625,-2.765625,-2.2406249046325684,-2.0533854961395264,-1.486328125,-1.1007812023162842,-0.9595170617103577,-0.7097355723381042,-0.50390625,-0.3258272111415863
professional_accounting,Which of the following techniques effectively measures improvements in product quality as a result of internal failure costs?,Inspection of in-process goods.,Recording the number of products returned over time.,Tracking the number of products reworked.,Tracking warranty expenses over time.,2,C,test,-3.115190267562866,-0.030843467995671944,-9.75,-8.135416984558105,-7.349999904632568,-6.754464149475098,-5.986111164093018,-5.448437690734863,-4.6318359375,-3.9983608722686768,-3.5042724609375,-3.115770101547241,-2.1875,-1.8619791269302368,-1.506250023841858,-1.1467634439468384,-0.8771701455116272,-0.777880847454071,-0.6160075068473816,-0.470947265625,-0.327117919921875,-0.1683756560087204
college_physics,Excited states of the helium atom can be characterized as para- (antiparallel electron spins) and ortho- (parallel electron spins). The observation that an ortho- state has lower energy than the corresponding para- state can be understood in terms of which of the following?,The Heisenberg uncertainty principle,The Pauli exclusion principle,The Bohr model of the atom,Nuclear hyperfine coupling,1,B,test,-1.6745842695236206,-0.009850495703080121,-6.737500190734863,-5.1633524894714355,-4.298713207244873,-3.7652699947357178,-3.2744140625,-2.773810863494873,-2.4348957538604736,-2.1179633140563965,-1.8706138134002686,-1.673707127571106,-1.759374976158142,-1.2315341234207153,-0.919670581817627,-0.7004616260528564,-0.5247802734375,-0.3950626254081726,-0.30665314197540283,-0.21672092378139496,-0.1310604363679886,-0.024542557075619698
anatomy,You notice a lesion on the labial alveolar mucosa of the lower right lateral incisor tooth of one of your patients and decide to take a biopsy to send for oral pathology report Which nerve would require local anaesthesia in order to carry out a pain-free biopsy?,The incisive nerve,The mental nerve,The buccal nerve,The lingual nerve,1,B,test,-2.9487197399139404,-0.016754089431329208,-9.125,-7.890625,-6.669921875,-5.948660850524902,-5.230902671813965,-4.6640625,-4.190139293670654,-3.6693313121795654,-3.3098957538604736,-2.946342706680298,-3.5999999046325684,-2.807812452316284,-2.166015625,-1.8271949291229248,-1.4569215774536133,-1.2147130966186523,-1.0173331499099731,-0.8262790441513062,-0.6868228912353516,-0.5273205637931824
miscellaneous,Which of the boys on the TV show 'My Three Sons' is adopted?,Mike,Ernie,Chip,Robbie,1,B,test,-3.1133720874786377,-0.048646438866853714,-15.0625,-9.354166984558105,-8.390625,-6.763020992279053,-6.0703125,-5.059895992279053,-4.593359470367432,-3.8821613788604736,-3.589317798614502,-3.113311767578125,-12.0,-4.51953125,-3.423095703125,-2.241943359375,-1.8863699436187744,-1.3595377206802368,-1.174560546875,-0.8892822265625,-0.7743014097213745,-0.5187174677848816
professional_psychology,The inability to recognize objects by touch alone is most likely the result of damage to the,medulla oblongara,corpus callosum,parietal cortex,pons,2,C,test,-2.4394547939300537,-0.03049318492412567,-10.1875,-6.46875,-5.921875,-5.221354007720947,-4.3642578125,-4.019965171813965,-3.4367897510528564,-3.1995441913604736,-2.785365581512451,-2.4386444091796875,-0.95703125,-0.8580729365348816,-0.7939453125,-0.5679118037223816,-0.399139404296875,-0.3326551616191864,-0.20798562467098236,-0.13922119140625,-0.02669852040708065,0.0872344970703125
moral_scenarios,"For which of these two scenarios does the main character (who uses I/me/my) do something clearly morally wrong, according to ordinary moral standards in the US as of 2020? Scenario 1 | I am sneaking in narcotic drugs into a prison and selling them to prisoners. Scenario 2 | I told my son to turn on the lawnmower before clearing the blades.","Wrong, Wrong","Wrong, Not wrong","Not wrong, Wrong","Not wrong, Not wrong",0,A,test,-2.9395923614501953,-0.013301322902489572,-9.642857551574707,-8.227083206176758,-6.95108699798584,-6.0650200843811035,-5.345753192901611,-4.705950736999512,-4.134943008422852,-3.663318395614624,-3.269176959991455,-2.938906192779541,-2.9285714626312256,-2.0692708492279053,-1.5293817520141602,-1.1568524837493896,-0.9036740064620972,-0.710669994354248,-0.549877941608429,-0.4108557403087616,-0.2890779674053192,-0.16026905179023743
high_school_government_and_politics,In the past decade many states have moved forward the date of their presidential primary elections in an effort to,minimize the cost of running the election,convince the national government to move forward the date of the general election,restrict the number of entrants in the presidential race,increase the significance of their election results,3,D,test,-3.3618991374969482,-0.0373544348610772,-9.3125,-8.125,-7.443749904632568,-6.658482074737549,-5.921875,-5.2727274894714355,-4.68870210647583,-4.183854103088379,-3.7396600246429443,-3.3607096672058105,-3.078125,-2.6145832538604736,-1.9265625476837158,-1.4787946939468384,-1.1624349355697632,-0.9134410619735718,-0.7216796875,-0.5591796636581421,-0.40929457545280457,-0.2753392159938812
human_sexuality,Morning sickness is typically a problem:,during the first trimester,during the second trimester,during the third trimester,all through the pregnancy,0,A,dev,-3.8105030059814453,-0.0793854792912801,-5.5,-5.5,-5.5,-5.28125,-5.020833492279053,-5.020833492279053,-4.796875,-4.796875,-4.400000095367432,-3.80859375,-1.734375,-1.734375,-1.734375,-1.36328125,-0.9889323115348816,-0.9889323115348816,-0.6953125,-0.6953125,-0.4117187559604645,-0.212890625
business_ethics,"To ensure the independence of the non-executive board members, they are a number of steps which can be taken, which include non-executives being drawn from _______ the company, being appointed for a _________ time period as well as being appointed _________.","Outside, Limited, Independently","Inside, Limited, Intermittently","Outside, Unlimited, Intermittently","Inside, Unlimited, Independently",0,A,dev,-2.8303797245025635,-0.01814345977245233,-7.918749809265137,-7.109375,-6.102083206176758,-5.297656059265137,-4.710625171661377,-4.225260257720947,-3.833035707473755,-3.4947266578674316,-3.1925346851348877,-2.8311593532562256,-2.3453125953674316,-1.696874976158142,-1.2439738512039185,-0.9053314328193665,-0.6672338843345642,-0.49456989765167236,-0.3445085883140564,-0.213359072804451,-0.10076361894607544,0.024984920397400856
professional_law,"A defendant was arrested for the armed robbery of a liquor store. The defendant was taken directly from the scene of the crime in a patrol car to the police station where he was placed, still handcuffed, in an interview room. He waited for about an hour, and a detective finally came in. The detective gave the defendant his Miranda warnings, and the defendant agreed to sign the waiver and speak to the detective. The defendant then confessed to the robbery. Which of the following allegations would be LEAST helpful in suppressing his statement?",Before the defendant gave the statement he was refused permission to use the bathroom.,The defendant had a private lawyer on retainer at the time he gave his statement.,The defendant's arrest was not based on probable cause.,"The defendant could not speak English, and the warnings were given in English.",1,B,test,-1.9540339708328247,-0.006364931501084119,-6.75,-5.28125,-4.498487949371338,-3.8956472873687744,-3.465745210647583,-3.055617570877075,-2.7360339164733887,-2.4242351055145264,-2.1795835494995117,-1.9536452293395996,-2.18359375,-1.4448474645614624,-1.0572706460952759,-0.7583850622177124,-0.5687655210494995,-0.4079802930355072,-0.2885223925113678,-0.1760791540145874,-0.08562193810939789,0.01259649358689785
security_studies,When may an issue fail to become securitized?,When the general public is not convinced of the legitimacy of the proposed threat.,"When, following the discursive element of the process, extraordinary measures are not implemented.",When the securitizing actor is not granted the special right to implement extraordinary measure.,When the audience are convinced via the speech act or the securitizing actor but fail to grant that actor the special rights requested in order to address the proposed threat.,2,C,test,-4.917526721954346,-0.09278352305574238,-13.875,-13.875,-10.96875,-9.770833015441895,-9.125,-8.137499809265137,-7.08203125,-6.2098212242126465,-5.52099609375,-4.922200679779053,-4.0625,-4.0625,-2.94921875,-2.3177082538604736,-1.9765625,-1.655859351158142,-1.3830159902572632,-1.1402413845062256,-0.947174072265625,-0.7494845986366272
miscellaneous,What internet company goes by the acronym AOL?,America Over Lines,America Online,Americans On Links,Americans On LOR,1,B,test,-5.093969821929932,-0.09433277448018391,-12.625,-12.625,-11.59375,-10.6875,-9.2734375,-9.2734375,-7.940625190734863,-6.723307132720947,-5.7999444007873535,-5.0914306640625,-3.1875,-3.1875,-3.125,-2.8645832538604736,-2.159423828125,-2.159423828125,-1.728552222251892,-1.3841451406478882,-1.1250261068344116,-0.8935775756835938
professional_law,"The police arrested a man for the murder of his live-in fiancÃ©e after the woman's dead body was found in the basement of their apartment building. At trial, the prosecution attempted to present the testimony of the victim's out-of-state sister regarding a telephone conversation she had with the defendant. She had called their landline number to talk with her sister on the same day when he had first reported to the police that his fiancÃ© had been missing for five days. The sister had not met the man but had spoken with him briefly a few other times. He told her that her sister ""went out all night last night and did not return yet."" The prosecution attempted at trial to have the sister testify to the conversation to show the significant discrepancy between his stories to the police and to her. The defense objected, arguing that she couldn't authenticate the conversation because she couldn't identify the speaker as the defendant nor had she ever met him. The prosecution told the court that she felt it was ""probably"" his voice, which she recollected from the prior talks at the same number. Will the court likely grant the defendant's objection to the testimony?","Yes, because the sister does not have sufficient experience and knowledge to be able to identify the man's voice and to say that the voice and the defendant were the same person.","Yes, because the conversation is hearsay and there are no exceptions that would allow it into evidence.","No, because there was sufficient circumstantial evidence to make a reasonable conclusion that the man she talked to was her sister's fiancÃ©.","No, because telephone conversations do not need to be authenticated, because there is a presumption that the person talking is the same person who owns the phone number.",2,C,test,-2.488374710083008,-0.004231929779052734,-8.25951099395752,-6.73845100402832,-5.705615997314453,-4.952284812927246,-4.388065814971924,-3.9009106159210205,-3.4635257720947266,-3.0834174156188965,-2.767540693283081,-2.488103151321411,-4.65149450302124,-2.9698538780212402,-2.14546537399292,-1.5936318635940552,-1.2436965703964233,-0.9885921478271484,-0.7846185564994812,-0.6288235783576965,-0.4946744740009308,-0.3599125146865845
professional_accounting,"Bale Co. incurred $100,000 of acquisition costs related to the purchase of the net assets of Dixon Co. The $100,000 should be",Allocated on a pro rata basis to the nonmonetary assets acquired.,Capitalized as part of goodwill and tested annually for impairment,Capitalized as an other asset and amortized over five years.,Expensed as incurred in the current period,3,D,test,-1.9912288188934326,-0.018964083989461263,-9.645833015441895,-7.361607074737549,-5.8821024894714355,-4.719270706176758,-3.8684210777282715,-3.3913352489471436,-2.901423454284668,-2.522069215774536,-2.2258129119873047,-1.9915169477462769,-1.48828125,-0.9740513563156128,-0.62109375,-0.4442952573299408,-0.31981778144836426,-0.23430286347866058,-0.1420663744211197,-0.05756429210305214,0.018026912584900856,0.10556191205978394
high_school_world_history,"This question refers to the following information.
Source 1:
""Moreover, Sir, in our Kingdoms there is another great inconvenience which is of little service to God, and this is that many of our people, keenly desirous as they are of the wares and things of your Kingdoms, which are brought here by your people, and in order to satisfy their voracious appetite, seize many of our people, freed and exempt men, and very often it happens that they kidnap even noblemen and our relatives, and take them to be sold to the white men who are in our kingdoms.""
Letter from King Afonso I of Kongo to King John III of Portugal, 1526
Source 2:
""This expedition has cost us much: it would be unreasonable to send it home with empty hands. Although our [principal] wish is to serve God and the pleasure of the king of Kongo, none the less you will make him understand—as though speaking in our name—what he should do to fill the ships, whether with slaves, or copper, or ivory.""
Instructions from King Manuel of Portugal to his envoy in Kongo, 1512
The tone of the second letter best reflects which of the following developments in early modern Europe?",The acquisition of African slaves for cash crop cultivation in the New World,The centrality of commercial activity in motivating European expansion,The desire to explore beyond traditional European waters,The establishment of Jesuit missions in distant regions of the world,1,B,validation,-2.7217304706573486,-0.004320207096281506,-8.890625,-7.361177921295166,-6.260015964508057,-5.4415178298950195,-4.797173023223877,-4.244625568389893,-3.77294921875,-3.381584882736206,-3.030587911605835,-2.722137451171875,-2.33203125,-1.7144681215286255,-1.2713842391967773,-0.9520647525787354,-0.7357597351074219,-0.5729420781135559,-0.43216472864151,-0.3115920424461365,-0.19922184944152832,-0.07982099056243896
security_studies,Which of these statements best describes the HM approach to sectoral security analysis?,"HM agrees with the idea that security can be viewed using a sectoral framework, and recognises the depth of analysis that is enabled by such an approach.","HM rejects Buzan et al.'s theory of sectoral security analysis, on the grounds that securitization is a product of a state-centric approach.","HM rejects the assertion by Buzan et al. that there are distinct and separate sectors of security, instead adopting a holistic view of security within which national and transnational class is an important factor.","HM favours the sectoral approach to security analysis, in particular prioritising the state as a referent object and drawing much of its theoretical foundations from the realist principles that underpin the sectoral approach.",2,C,test,-4.201953411102295,-0.051875968038299934,-14.5625,-13.0,-10.40625,-9.106249809265137,-7.46875,-6.853515625,-6.30381965637207,-5.254261493682861,-4.854817867279053,-4.205078125,-3.0,-2.953125,-2.234375,-1.9367187023162842,-1.5114396810531616,-1.273193359375,-1.0876736640930176,-0.7943891882896423,-0.6770833134651184,-0.427734375
elementary_mathematics,"The vice president of sales took a client out to lunch. If the lunch was $44 and she gave a 20% tip, how much money did she spend on lunch?",$8.80 ,$35.20 ,$52.80 ,$53.80 ,2,C,test,-1.942090630531311,-0.017035882723958867,-8.697916984558105,-5.96875,-4.738636493682861,-4.1171875,-3.48828125,-3.0378196239471436,-2.7484374046325684,-2.4274649620056152,-2.164802312850952,-1.9417164325714111,-1.390625,-0.9899553656578064,-0.6586137413978577,-0.4907924234867096,-0.3180338442325592,-0.19637784361839294,-0.12445312738418579,-0.04040948301553726,0.03941761329770088,0.12341638654470444
high_school_psychology,The perceived volume of a tone is mainly determined by its,frequency,timbre,amplitude,overtones,2,C,test,-3.0479722023010254,-0.04916084197259719,-10.875,-8.21875,-7.302083492279053,-6.7578125,-5.603125095367432,-4.819010257720947,-4.240513324737549,-3.77392578125,-3.3854167461395264,-3.0476531982421875,-1.265625,-1.21484375,-0.8098958134651184,-0.587646484375,-0.40644532442092896,-0.2615559995174408,-0.1349051296710968,-0.0350341796875,0.0439453125,0.11494140326976776
high_school_chemistry,A proposed mechanism for a reaction is as follows: NO2 + F2 →NO2F + F Slow step. F + NO2 → NO2F Fast step. What is the order of the overall reaction?,Zero order,First order,Second order,Third order,2,C,test,-1.4131574630737305,-0.011305259704589845,-7.234375,-5.326171875,-4.234375,-3.3072149753570557,-2.784970283508301,-2.3915624618530273,-2.0116374492645264,-1.782097339630127,-1.596946358680725,-1.4123378992080688,-3.041015625,-1.700836181640625,-1.1001993417739868,-0.7311724424362183,-0.546328604221344,-0.41102540493011475,-0.28099772334098816,-0.19646857678890228,-0.11935263872146606,-0.022171376273036003
virology,What is the most common way for a virus to kill a cell?,Dissolves the cellular membrane,Induces apoptosis via caspases,Fragments cellular DNA,Totally blocks cellular transcription,1,B,test,-2.2273733615875244,-0.03712288935979207,-6.0625,-6.015625,-5.520833492279053,-4.5625,-4.08203125,-3.6886160373687744,-3.090711832046509,-2.850781202316284,-2.6124823093414307,-2.226731538772583,-1.328125,-0.75146484375,-0.4822591245174408,-0.20595702528953552,-0.1195475235581398,-0.0505719855427742,0.0461697056889534,0.10561523586511612,0.1627752184867859,0.27294921875
professional_psychology,"A 5-year-old child is shown two identical rows of pennies each containing five pennies that line up. One row is lengthened and the child is asked whether one row has more objects than the other. The child answers that the longer row has more objects. According to Piaget, this child is in the ___________.",Sensorimotor stage,Preoperational stage,Concrete operational stage,Formal operational stage,2,C,validation,-1.8435765504837036,-0.010074188800457396,-7.479166507720947,-5.637019157409668,-4.770559310913086,-4.035456657409668,-3.4303977489471436,-3.0089142322540283,-2.60992693901062,-2.330791711807251,-2.0615172386169434,-1.8433421850204468,-2.8606770038604736,-1.8052884340286255,-1.271628975868225,-0.9070223569869995,-0.6751468777656555,-0.5270573496818542,-0.38469263911247253,-0.2874204218387604,-0.1851920485496521,-0.06511248648166656
college_medicine,The most rapid method to resynthesize ATP during exercise is through:,glycolysis.,phosphocreatine breakdown.,tricarboxylic acid cycle (Krebs' cycle).,glycogenolysis.,1,B,test,-3.1535496711730957,-0.04441619255173374,-8.875,-7.96875,-7.385416507720947,-5.821875095367432,-5.3359375,-4.8973212242126465,-4.240451335906982,-3.9898438453674316,-3.71484375,-3.155714750289917,-1.8125,-1.49609375,-1.3411458730697632,-0.8988281488418579,-0.7313639521598816,-0.5949358344078064,-0.4051106870174408,-0.327880859375,-0.24196554720401764,-0.08394681662321091
marketing," An organization can offer standard products at acceptable levels of quality, yet still generate above-average profit margin by adopting _____________",Cost leadership.,Differentiation.,Focus strategy.,Market follower strategy.,0,A,test,-3.7536368370056152,-0.03292663892110189,-8.875,-7.3515625,-6.708333492279053,-6.173611164093018,-5.809659004211426,-5.445913314819336,-4.9462890625,-4.59852409362793,-4.252539157867432,-3.7532269954681396,-1.78125,-1.427734375,-1.1666666269302368,-0.8997395634651184,-0.7825816869735718,-0.646484375,-0.4498291015625,-0.3493923544883728,-0.25175780057907104,-0.09442935138940811
elementary_mathematics,"Ms. Ling has been living in her home for exactly 4 years. She knows that there are 12 months in each year. She found the total number of months, m, she has been living in her home by using the number sentence below. 4 × 12 = m Which number sentence shows another way to find the total number of months, m, Ms. Ling has been living in her home?",12 ÷ m = 4,m × 4 = 12,12 – m = 4,m ÷ 4 = 12,3,D,test,-1.4497017860412598,-0.008009402132824639,-6.1796875,-4.669117450714111,-3.9306249618530273,-3.2470128536224365,-2.7723214626312256,-2.3581879138946533,-2.0714545249938965,-1.8073155879974365,-1.620208740234375,-1.4492058753967285,-1.8125,-1.0915096998214722,-0.7475610375404358,-0.5238485932350159,-0.3887488842010498,-0.27016913890838623,-0.1816292405128479,-0.09463052451610565,-0.024893509224057198,0.0544426403939724
prehistory,"Periods much colder than the present, which were characterized by widespread ice and snow cover, are known as:",altricials.,glacials.,interstadials.,interglacials.,1,B,test,-2.348684072494507,-0.024465459088484447,-8.4375,-6.265625,-5.140625,-4.505859375,-4.046875,-3.62890625,-3.2862722873687744,-2.989990234375,-2.7243924140930176,-2.3472726345062256,-1.9140625,-1.22369384765625,-0.7755940556526184,-0.531646728515625,-0.35676270723342896,-0.2092488557100296,-0.0786307230591774,0.0225067138671875,0.1039903461933136,0.2236211895942688
miscellaneous,Which of the following actions by the Federal Reserve System would be most likely to increase consumer spending?,Increasing the discount rate to member banks,Decreasing the discount rate to member banks,Selling large amounts of government securities,Keeping reserve requirements of member banks constant,1,B,test,-1.8756465911865234,-0.018945925163500237,-5.65625,-4.932291507720947,-4.359375,-3.669642925262451,-3.2404513359069824,-3.077343702316284,-2.7119140625,-2.3881137371063232,-2.108123779296875,-1.8747490644454956,-1.3203125,-0.7027994990348816,-0.4505371153354645,-0.2844935953617096,-0.1279568076133728,-0.06730957329273224,0.0428670234978199,0.1335623562335968,0.2074432373046875,0.3297933042049408
miscellaneous,Which of the following articles of clothing has a hood?,Parka,kilt,lederhosen,sarong,0,A,test,-2.9650464057922363,-0.05112148975503856,-9.875,-8.078125,-6.854166507720947,-6.04296875,-5.215624809265137,-4.6328125,-4.160714149475098,-3.69775390625,-3.2903103828430176,-2.96282958984375,-1.96875,-1.39453125,-1.1875,-0.92236328125,-0.714648425579071,-0.5712890625,-0.4508928656578064,-0.3154296875,-0.1848958283662796,-0.01796874962747097
moral_disputes, Papadaki thinks that in cases where partners in a relationship mutually deny each other's humanity that,sexual objectification occurs.,sexual objectification does not occur.,there is no straightforward answer to the question of whether or not sexual objectification occurs.,the context of the relationship will determine whether or not sexual objectification occurred.,2,C,test,-4.779548645019531,-0.05431305278431286,-12.75,-11.520833015441895,-9.643750190734863,-9.078125,-8.33203125,-7.349999904632568,-6.9147725105285645,-6.072415828704834,-5.370573043823242,-4.780818939208984,-2.25,-2.1354167461395264,-1.760156273841858,-1.595703125,-1.2945556640625,-0.9745117425918579,-0.8507634997367859,-0.6432542204856873,-0.4632161557674408,-0.2975068986415863
international_law,Is there any hierarchy or priority among the various methods of peaceful settlement of disputes?,"Yes, all the political methods (e.g. negotiation, mediation, inquiry, conciliation) should be exhausted prior to resorting to legal methods","Legal methods prevail over the political methods, since they are binding upon the parties",There is no hierarchy among these methods and the choice belongs to the disputing States,It is a matter of an impartial third party to decide which method will have priority over the other,2,C,test,-3.02913498878479,-0.036495602274515544,-10.25,-8.208333015441895,-7.171875,-5.770833492279053,-5.263392925262451,-4.543402671813965,-4.28515625,-3.7083332538604736,-3.472355842590332,-3.027864694595337,-1.515625,-0.9609375,-0.672607421875,-0.3699544370174408,-0.2766461968421936,-0.1409505158662796,-0.08271484076976776,0.02693684957921505,0.07955228537321091,0.18535156548023224
high_school_geography,"Which of the following factors would be considered a ""pull"" factor for Riva when considering a move from India to the United States?",Abject poverty,Better job and higher wages,India's caste system,Violence in her neighborhood,1,B,test,-2.7368061542510986,-0.02557762760982335,-9.375,-7.525000095367432,-6.763392925262451,-5.635937690734863,-4.802283763885498,-4.404687404632568,-3.870659828186035,-3.531543016433716,-3.09037446975708,-2.737046480178833,-1.7734375,-1.017968773841858,-0.7506975531578064,-0.48393553495407104,-0.3247821629047394,-0.23707681894302368,-0.1381022185087204,-0.07985839992761612,0.01275900099426508,0.13072791695594788
elementary_mathematics,What is 836 rounded to the nearest 10?,800,830,840,870,2,C,test,-1.7459983825683594,-0.03795648657757303,-6.4375,-5.59375,-4.666666507720947,-3.8343749046325684,-3.4244792461395264,-3.107142925262451,-2.520372152328491,-2.269885301589966,-2.06494140625,-1.748455286026001,-2.75,-1.96875,-1.5221353769302368,-1.025976538658142,-0.8426106572151184,-0.7087751030921936,-0.5279405117034912,-0.46000975370407104,-0.39901456236839294,-0.2534931004047394
clinical_knowledge,Which is the most reliable way to assess for clubbing?,Inspect the nail-bed angle from above,Assessing the fluctuancy of the nail-bed,Schamroth's sign,Inspect the nail-bed angle from the side,3,D,test,-3.0491325855255127,-0.050818876425425215,-8.875,-6.984375,-6.34375,-5.8359375,-5.459374904632568,-4.9765625,-4.521205425262451,-4.091796875,-3.685546875,-3.048295497894287,-0.890625,-0.58984375,-0.35888671875,-0.2008056640625,-0.08837890625,-0.007568359375,0.0546177439391613,0.11566162109375,0.1718207448720932,0.28049537539482117
moral_scenarios,"For which of these two scenarios does the main character (who uses I/me/my) do something clearly morally wrong, according to ordinary moral standards in the US as of 2020? Scenario 1 | I gave a loaf of bread to my starving neighbor. Scenario 2 | I could only grab one thing before the tornado hit, so I grabbed my puppy and left my Picasso.","Wrong, Wrong","Wrong, Not wrong","Not wrong, Wrong","Not wrong, Not wrong",3,D,test,-2.967735767364502,-0.012959544835652847,-9.366071701049805,-8.25,-7.11820650100708,-6.238911151885986,-5.381009578704834,-4.7756452560424805,-4.189742565155029,-3.715158700942993,-3.3061070442199707,-2.9677159786224365,-2.4854910373687744,-1.8671875,-1.47511887550354,-1.133588194847107,-0.8871788382530212,-0.72760009765625,-0.5686283707618713,-0.4302683174610138,-0.30358362197875977,-0.17874693870544434
moral_disputes," According to Hardin, the fundamental error of ""sharing ethics"" is that",it is anti-Christian.,it would require a stronger system of taxation for the affluent.,"it would lead to a ""tragedy of the commons.""",all of the above,2,C,test,-3.526747226715088,-0.05038210323878697,-11.1875,-10.4375,-8.265625,-7.612500190734863,-6.392857074737549,-5.79296875,-5.275173664093018,-4.452769756317139,-4.103353023529053,-3.5231411457061768,-1.8515625,-1.828125,-1.42822265625,-1.1689453125,-0.8062220811843872,-0.68701171875,-0.5843098759651184,-0.3917791247367859,-0.302490234375,-0.14208984375
miscellaneous,What is the art of elegant handwriting called?,calligraphy,engraving,decoupage,lithography,0,A,test,-3.7376186847686768,-0.06921516082904956,-11.8125,-11.8125,-11.5625,-8.84375,-6.8759765625,-6.8759765625,-5.689062595367432,-4.892578125,-4.247767925262451,-3.73828125,-2.421875,-2.421875,-2.09765625,-1.27734375,-0.83447265625,-0.83447265625,-0.524609386920929,-0.3147786557674408,-0.1615513414144516,-0.034912109375
high_school_psychology,"Tired after a long, hard day at school, Cyrus decides to take a nap. An hour later, his Dad wakes him to let him know it's time for dinner. Cyrus feels worse than when he went to bed and can hardly drag himself to the table. An EEG of Cyrus right before he was awoken would most likely have shown a preponderance of",alpha waves.,beta waves.,delta waves.,sleep spindles.,2,C,test,-2.4959959983825684,-0.011885695230393182,-9.008928298950195,-7.645089149475098,-6.491815567016602,-5.337284564971924,-4.585286617279053,-4.013444900512695,-3.4999234676361084,-3.1223397254943848,-2.8006985187530518,-2.496089458465576,-2.8683035373687744,-2.282924175262451,-1.7357701063156128,-1.257660984992981,-0.9762234091758728,-0.7692927718162537,-0.5821748375892639,-0.44166722893714905,-0.31754055619239807,-0.1806439906358719
miscellaneous,A first-grade teacher is planning activities to introduce students to nonstandard units of measurement. Which of the following activities will best meet the teacher's goal?,"Asking students to stand in a line, from the shortest person to the tallest",Asking students to use pencils to measure the length of a desk,Asking students to determine how many one-liter bottles of water can fill a onegallon container,Asking students to use a measuring tape to measure the length of the classroom door,1,B,test,-2.021510601043701,-0.01630250484712662,-7.75,-6.121874809265137,-5.009765625,-4.308238506317139,-3.72265625,-3.2876837253570557,-2.876171827316284,-2.53515625,-2.253972053527832,-2.0221314430236816,-1.546875,-1.08984375,-0.6844711303710938,-0.46914395689964294,-0.3132978081703186,-0.19206327199935913,-0.09821472316980362,-0.01763916015625,0.06312208622694016,0.15195859968662262
high_school_biology,"In the mid-1900s, the Soviet geneticist Lysenko believed that his winter wheat plants, exposed to ever-colder temperatures, would eventually give rise to ever more cold-tolerant winter wheat. Lysenko's attempts in this regard were most in agreement with the ideas of",Cuvier.,Hutton.,Lamarck.,Darwin.,2,C,test,-2.4883925914764404,-0.013748025367273152,-8.880208015441895,-7.317708492279053,-6.263888835906982,-5.397786617279053,-4.6427083015441895,-4.044704914093018,-3.532924175262451,-3.108123779296875,-2.7646360397338867,-2.4881722927093506,-2.6484375,-1.9720052480697632,-1.457266092300415,-1.085866928100586,-0.8488530516624451,-0.6740116477012634,-0.5314072966575623,-0.4117180407047272,-0.2958761155605316,-0.18158797919750214
world_religions,What is the English name for Hanukkah?,The Festival of Booths,The Festival of the Giving of Torah,The Festival of Lights,The Festival of Weeks,2,C,validation,-2.8061721324920654,-0.061003742010697075,-10.0625,-10.0625,-8.015625,-6.604166507720947,-5.6484375,-4.700781345367432,-4.069010257720947,-3.5636160373687744,-3.1396484375,-2.8054471015930176,-2.03125,-2.03125,-1.296875,-0.9319661259651184,-0.73876953125,-0.53125,-0.3821614682674408,-0.2572544515132904,-0.13330078125,-0.002170138992369175
